prdcd,product_name,product_category_id,unit,cost_price,selling_price
231,MAX ISI STAPLER NO.10-1M(1000)  PCK ,Alat Tulis Kantor (ATK),DUS,85500.0,103000.0
521,SNOWMAN SPIDOL KECIL HITAM PCS ,Alat Tulis Kantor (ATK),DUS,230400.0,276500.0
15281,KENKO CUTTER A-300  PCS ,Alat Tulis Kantor (ATK),DUS,71000.0,85500.0
15451,KENKO ISI CUTTER A-100 (5)  PCS ,Alat Tulis Kantor (ATK),DUS,38300.0,46000.0
15461,KENKO ISI CUTTER L-150  PCS ,Alat Tulis Kantor (ATK),DUS,80700.0,97000.0
48671,SNOWMAN SPIDOL GIANT HITAM SP PCS ,Alat Tulis Kantor (ATK),LS,86400.0,104000.0
48681,SNOWMAN SPIDOL GIANT BIRU PCS ,Alat Tulis Kantor (ATK),LS,86400.0,104000.0
48711,SNOWMAN SPIDOL WHITEBOARD HITAM PCS ,Alat Tulis Kantor (ATK),DUS,96000.0,115500.0
48721,SNOWMAN SPIDOL WHITEBOARD BIRU PCS ,Alat Tulis Kantor (ATK),DUS,96000.0,115500.0
116361,SNOWMAN BALLPOINT V.1. HITAM PCS ,Alat Tulis Kantor (ATK),DUS,19200.0,23500.0
220851,KENKO PENGGARIS BESI  PCS 30cm,Alat Tulis Kantor (ATK),LS,105600.0,127000.0
227771,SNOWMAN TINTA WRITE BOARD HITAM PCS ,Alat Tulis Kantor (ATK),DUS,192800.0,231500.0
227781,SNOWMAN TINTA WHITE BOARD BIRU BOX ,Alat Tulis Kantor (ATK),DUS,192800.0,231500.0
375531,SNOWMAN SPIDOL 12 WARNA  PCK ,Alat Tulis Kantor (ATK),LS,210000.0,252000.0
383101,SNOWMAN BALLPOINT V.2. BIRU PCS ,Alat Tulis Kantor (ATK),DUS,20100.0,24500.0
483811,KIKY KERTAS DOUBLE FOLIO GARIS 20'S  PCK ,Alat Tulis Kantor (ATK),DUS,900000.0,1080000.0
602901,SINAR DUNIA KERTAS WARNA ORIGAMI 100'S T PCK ,Alat Tulis Kantor (ATK),DUS,1020000.0,1224000.0
733401,JOYKO PERFORATOR PUNCH NO.30XL  PCS ,Alat Tulis Kantor (ATK),DUS,177700.0,213500.0
824091,FABER CASTELL MECHANICAL PENCIL + ISI GRIP 0.7 PCK ,Alat Tulis Kantor (ATK),DUS,190000.0,228000.0
873211,FASTER BALLPOINT HIGH GRADE C6/EC8 HITAM PCS ,Alat Tulis Kantor (ATK),DUS,44400.0,53500.0
879281,PAPERLINE NOTA KONTAN 2 PLY KECIL PCS ,Alat Tulis Kantor (ATK),DUS,994500.0,1193500.0
1000581,KIKY BUKU TULIS HALUS 38LB AA621703 PCS ,Alat Tulis Kantor (ATK),DUS,1204000.0,1445000.0
1000711,MERPATI AMPLOP SILICONE 20'S/80G  PCK 229x110mm,Alat Tulis Kantor (ATK),DUS,162500.0,195000.0
1000741,MERPATI AMPLOP VISIT 20'S/80G  PCK 110x70mm,Alat Tulis Kantor (ATK),DUS,62500.0,75000.0
1031931,ADINATA BINDER A5 CHARACTER PCS ,Alat Tulis Kantor (ATK),DUS,425000.0,510000.0
1063641,"SINAR DUNIA KERTAS FOTO COPY A4/80GR  PCK 21X29,7cm",Alat Tulis Kantor (ATK),DUS,302200.0,363000.0
1099861,ADINATA STATIONARY CHARACTER 7'S  SET ,Alat Tulis Kantor (ATK),PCS,30300.0,36500.0
1102211,PAPERLINE AMPLOP 104 PPS 100'S  BOX 95X152mm  ,Alat Tulis Kantor (ATK),DUS,1040631.0,1249000.0
1102221,PAPERLINE AMPLOP 90 PPS 100'S  BOX 110X230mm,Alat Tulis Kantor (ATK),DUS,847400.0,1017000.0
1120971,ADINATA PENCIL CASE PAPER ASSORTED PCS ,Alat Tulis Kantor (ATK),DUS,262500.0,315000.0
1144121,KIKY BUKU GAMBAR  PCS 20X30cm,Alat Tulis Kantor (ATK),DUS,80000.0,96000.0
1189181,JOYKO LOOSE LEAF A5-7020/100'S  PCS ,Alat Tulis Kantor (ATK),DUS,107600.0,129500.0
1189291,JOYKO PEN KING JELLER JK-100 MIX PCS ,Alat Tulis Kantor (ATK),DUS,31200.0,37500.0
1189471,JOYKO STAPLES NO.10-1M  BOX ,Alat Tulis Kantor (ATK),DUS,28000.0,34000.0
1189481,JOYKO CORRECTION FLUID JK-101  PCS ,Alat Tulis Kantor (ATK),DUS,56100.0,67500.0
1189501,JOYKO TAPE DISPENSER TD-101  PCS ,Alat Tulis Kantor (ATK),DUS,365600.0,439000.0
1189511,JOYKO TAPE DISPENSER TD-2 PLASTIK PCS ,Alat Tulis Kantor (ATK),DUS,222100.0,267000.0
1189731,JOYKO CLOTH TAPE  ROL 36mm,Alat Tulis Kantor (ATK),DUS,167600.0,201500.0
1210501,KIKY BUKU KOTAK BESAR 38LBR  PCS ,Alat Tulis Kantor (ATK),PACK,47300.0,57000.0
1238171,KIKY BUKU GAMBAR BESAR-10 (11GB)  PCS ,Alat Tulis Kantor (ATK),DUS,76200.0,91500.0
1257371,KARINA AMPLOP 20'S (104) POLOS PCK 95x152mm,Alat Tulis Kantor (ATK),DUS,24000.0,29000.0
1291611,SINAR DUNIA KERTAS FOTOCOPY A4 70/75G  PCK 210x297mm,Alat Tulis Kantor (ATK),DUS,270300.0,324500.0
1301121,KIKY BUKU KWARTO KAS  PCS ,Alat Tulis Kantor (ATK),PACK,55000.0,66000.0
1301131,MERPATI AMPLOP SILICONE 100'S/80G NO.104 PCK 152x90mm,Alat Tulis Kantor (ATK),DUS,97500.0,117000.0
1316171,GO GREEN BAG TALI 38X45 LARGE PCS ,Alat Tulis Kantor (ATK),PACK,47000.0,56500.0
1326991,JOYKO MAP BUSINESS FILE BF-3523  PCS ,Alat Tulis Kantor (ATK),DUS,54500.0,65500.0
1327091,JOYKO BINDER CLIP NO.200  BOX ,Alat Tulis Kantor (ATK),DUS,192000.0,230500.0
1327161,JOYKO STAMP PAD INK SPI-12 BIRU BTL 50cc,Alat Tulis Kantor (ATK),DUS,103300.0,124000.0
1336601,LARISST PLAKBAN BENING ROL 48mmX100m,Alat Tulis Kantor (ATK),DUS,660800.0,793000.0
1336611,LARISST PLAKBAN COKLAT ROL 48mmX100m,Alat Tulis Kantor (ATK),DUS,660900.0,793500.0
1338471,PILOT BALLPOINT BPT-P HITAM PCS ,Alat Tulis Kantor (ATK),DUS,25800.0,31000.0
1353901,ZEBRA BALLPOINT SARASA 0.5 BLACK PCK ,Alat Tulis Kantor (ATK),DUS,248500.0,298500.0
1366651,JOYKO DOUBLE TAPE (CORE BLUE)  ROL 24mmX15YRD,Alat Tulis Kantor (ATK),DUS,82800.0,99500.0
1405111,DIAMOND STOFMAP FOLIO 5002  PCS ,Alat Tulis Kantor (ATK),PACK,87800.0,105500.0
1467291,DELI SCHOOL FANCY STICKY NOTES A550-02 PCK ,Alat Tulis Kantor (ATK),DUS,467200.0,561000.0
1467321,DELI MECHANICAL PENCIL LEADS 2'S EU67600 PCK ,Alat Tulis Kantor (ATK),DUS,480000.0,576000.0
1467361,DELI PERMANENT MARKER BLUE & BLACK EU10420&EU10430 PCK ,Alat Tulis Kantor (ATK),DUS,120000.0,144000.0
1467431,DELI SCHOOL CUTTER NO.2022/2024  PCS ,Alat Tulis Kantor (ATK),DUS,480000.0,576000.0
1476111,JOYKO PENGHAPUS WHITEBOARD WE-1205  PCS ,Alat Tulis Kantor (ATK),DUS,100000.0,120000.0
1519411,KIKY BUKU FOLIO OKEY (100'S)  PCS ,Alat Tulis Kantor (ATK),DUS,1710000.0,2052000.0
1519421,KIKY BUKU FOLIO EXPEDISI OKEY 100'S  PCS ,Alat Tulis Kantor (ATK),DUS,1860000.0,2232000.0
24931,GILLETTE BLADES GOAL 5'S RED BOX ,Kosmetik,DUS,305000.0,351000.0
328561,OVALE FACIAL LOTION LEMON BTL 100mL,Kosmetik,DUS,630000.0,724500.0
417891,GILLETTE RAZOR DAISY PLUS/SMPLY VNUS 2S FOR WOMEN PCK ,Kosmetik,DUS,210000.0,241500.0
431481,OVALE FACIAL LOTION WHITENING BTL 100mL,Kosmetik,DUS,636300.0,732000.0
433551,MENTHOLATUM LIP ICE SHEER COLOR PCK 2g,Kosmetik,DUS,597585.0,687500.0
435641,OVALE FACIAL LOTION PERFECT LUMINOUS BTL 200mL,Kosmetik,DUS,1120000.0,1288000.0
445221,VIVA CUCUMBER MILK  BTL 100mL,Kosmetik,DUS,242000.0,278500.0
445231,VIVA MILK CLEANSER  BTL 100mL,Kosmetik,DUS,242000.0,278500.0
445251,VIVA FACE TONIC  BTL 100mL,Kosmetik,DUS,210000.0,241500.0
445271,VIVA MILK CLEANSER LEMON BTL 100mL,Kosmetik,DUS,242000.0,278500.0
449381,SELECTION KAPAS KECANTIKAN  PCK 50g,Kosmetik,DUS,698200.0,803000.0
449391,SELECTION KAPAS KECANTIKAN  PCK 75g,Kosmetik,DUS,763600.0,878500.0
460401,OVALE FACIAL LOTION ANTI ACNE BTL 100mL,Kosmetik,DUS,630000.0,724500.0
460411,OVALE FACIAL LOTION ANTI ACNE BTL 200mL,Kosmetik,DUS,1120000.0,1288000.0
483531,VIVA EYE BROW PENCIL Q-C BROWN PCS 1.3g,Kosmetik,DUS,409990.0,471500.0
769511,VIVA MILK CLEANSER BENGKOANG BTL 100mL,Kosmetik,DUS,261800.0,301500.0
769521,VIVA FACE TONIC BENGKOANG BTL 100mL,Kosmetik,DUS,244800.0,282000.0
791211,SELECTION KAPAS KECANTIKAN  PCK 35g,Kosmetik,DUS,705600.0,811500.0
888051,MARCK'S BEDAK CREAM  POT 40g,Kosmetik,DUS,1367900.0,1573500.0
889461,NIVEA SPARKLING BRIGHT FACIAL FOAM PEARL TUB 100mL,Kosmetik,DUS,766000.0,881000.0
890921,VIVA COMPACT POWDER LILAC PCS 19g,Kosmetik,DUS,3744000.0,4306000.0
1000251,INDOMARET FACIAL COTTON  PCK 35g,Kosmetik,DUS,640000.0,736000.0
1002061,CLEAN & CLEAR FOAMING FACIAL WASH  BTL 50mL,Kosmetik,DUS,107600.0,124000.0
1060181,CLEAN & CLEAR FOAMING FACIAL WASH  BTL 100mL,Kosmetik,DUS,653000.0,751000.0
1074011,OLAY T/E ANTI AGEING GENTLE SPF-15  BTL 50g,Kosmetik,DUS,738000.0,849000.0
1095741,GILLETTE CARTRIDGE VECTOR GANDA 2'S  PCK ,Kosmetik,DUS,10800000.0,12420000.0
1135431,NIVEA FAC.FOAM FOR MEN EXTRA WHITE DARK SPOT TUB 100mL,Kosmetik,DUS,924100.0,1063000.0
1136251,OLAY T/E ANTI AGEING UV CREAM NORMAL SPF-15 BTL 20g,Kosmetik,DUS,390000.0,448500.0
1151331,GILLETTE RAZOR GOAL KLIK !  PCK ,Kosmetik,DUS,1310400.0,1507000.0
1154051,GLOW & LOVELY MLIVTMN CREAM/DRM GLW (95399)  TUB 50/46g,Kosmetik,DUS,888000.0,1021500.0
1154061,GLOW & LOVELY MLTVTMN CREAM/DRM GLW (95385)  TUB 25/23g,Kosmetik,DUS,1013000.0,1165000.0
1163681,KAO BIORE FACIAL FOAM MEN'S DOUBLE SCRUB COOL OIL CLEAR TUB 100g,Kosmetik,DUS,767900.0,883500.0
1163691,KAO BIORE FAC.FOAM MEN'S DBL/MICRO SCRUB WHT/BRGHT ENRGY TUB 100g,Kosmetik,DUS,767900.0,883500.0
1163701,KAO BIORE FACIAL FOAM MEN'S GENTLE&CLEAN ACNE SKINCARE TUB 100g,Kosmetik,DUS,775600.0,892000.0
1165141,GILLETTE RAZOR BLUE II PLUS SINGLE  PCS ,Kosmetik,DUS,5471900.0,6293000.0
1165651,CITRA PELEMBAB WAJAH HAZELINE PEARLY WHITE UV CREAM POT 40g,Kosmetik,DUS,1080000.0,1242000.0
1173581,ACNES CREAMY WASH  TUB 100g,Kosmetik,DUS,360000.0,414000.0
1174171,NIVEA FACIAL FOAM MEN ACNE OIL CLEAR ACNE DEFENSE TUB 100mL,Kosmetik,DUS,912500.0,1049500.0
1202131,GILLETTE RAZOR BLUE 3 ICE 2'S  PCS ,Kosmetik,DUS,2764800.0,3180000.0
1203201,GARNIER MEN ACNO FIGHT FOAM 12-IN-1 ANTI ACNE TUB 100/150mL,Kosmetik,DUS,463000.0,532500.0
1216521,KAO BIORE FACIAL FOAM MEN DEEP FRSH/PORE BLCK WHTE/CLEAN TUB 100g,Kosmetik,DUS,775600.0,892000.0
1230701,GARNIER MEN TURBO LIGHT OIL CONTROL COOLING FOAM TUB 100mL,Kosmetik,DUS,463000.0,532500.0
1230711,GARNIER BRIGHT COMPLETE VIT C FACIAL WASH SCRUB TUB 100mL,Kosmetik,DUS,393800.0,453000.0
1241451,PIXY FACIAL FOAM ANTI ACNE  TUB 100g,Kosmetik,DUS,1270900.0,1462000.0
1247171,GARNIER MEN TURBO LIGHT OIL CONTROL ICY SCRUB TUB 100mL,Kosmetik,DUS,463000.0,532500.0
1248761,GILLETTE RAZOR GOAL II YELLOW 2'S  PCK ,Kosmetik,PACK,192700.0,222000.0
1249261,PONDS PEMBERSIH WAJAH WHITE BEAUTY FACE TONER BTL 150mL,Kosmetik,DUS,693500.0,798000.0
1265841,ACNES FACE WASH COMPLETE WHITE TUB 100g,Kosmetik,DUS,366400.0,421500.0
1277901,GARNIER FACIAL FOAM MULTI-ACTION PURE ACTIVE TUB 100mL,Kosmetik,DUS,389900.0,448500.0
1277911,SARI AYU FACIAL FOAM ANTI ACNE TUB 75g,Kosmetik,DUS,656000.0,754500.0
1283741,KAO BIORE FACIAL FOAM MEN'S GENTLE&CLEAN ACNE SKINCARE TUB 40g,Kosmetik,DUS,787200.0,905500.0
1283761,KAO BIORE FACIAL FOAM MEN'S DOUBLE SCRUB WHITE ENERGY TUB 40g,Kosmetik,DUS,787200.0,905500.0
1287761,GARNIER LIGHT BRIGHTEN SCRUB WASH ANTI-DULLNESS TUB 50mL,Kosmetik,DUS,515900.0,593500.0
1298691,NIVEA LIP STRAWBERRY SHINE  PCS 4.8g,Kosmetik,DUS,744000.0,856000.0
1302101,GARNIER MATCHA DEEP CLEAN FOAM PURE ACTIVE TUB 100mL,Kosmetik,DUS,389900.0,448500.0
1304401,PURBASARI MATTE POWDER HYDRA SERIES HONEY BEIGE PCS 12g,Kosmetik,DUS,238800.0,275000.0
1304651,PURBASARI MATTE POWDER HYDRA SERIES NATURAL PCS 12g,Kosmetik,DUS,262800.0,302500.0
1312761,GLOW & LOVELY 2 IN 1 POWDER CREAM  TUB 20g,Kosmetik,DUS,1176000.0,1352500.0
1313841,PONDS MEN PEMBERSIH WAJAH LIGHTNING OIL CLEAR TUB 50mL,Kosmetik,DUS,647900.0,745500.0
1314211,POISE FACIAL FOAM WHITENING TUB 100g,Kosmetik,DUS,535000.0,615500.0
1314711,GARNIER SKIN NATURAL SAKURA WHITE FOAM  TUB 50mL,Kosmetik,DUS,515900.0,593500.0
1319981,GILLETTE RAZOR BLUE 3 FLEXI SINGLE  PCK ,Kosmetik,DUS,78000.0,90000.0
1322381,CLEAN & CLEAR OIL CONTROL FILM (60'S)  PCK ,Kosmetik,DUS,1320000.0,1518000.0
1333131,PONDS PELEMBAB WJH DAY CRM NRML SKN/ NIASORCINOL TUB 20g,Kosmetik,DUS,1302600.0,1498000.0
1333151,PONDS PELEMBAB WAJAH DAY CREAM NORMAL SKIN TUB 40g,Kosmetik,DUS,1200000.0,1380000.0
1335711,WARDAH WHITE/CRYSTAL SECRET DAY CREAM BRIGHTENING TUB 17/15mL,Kosmetik,DUS,1620000.0,1863000.0
1353591,VIENNA ANTI AGING FACE MASK LUXURIOUS GOLD PCK 20g,Kosmetik,DUS,128700.0,148500.0
1356541,WARDAH LIGHTENING NIGHT CREAM  TUB 20g,Kosmetik,DUS,999000.0,1149000.0
1356551,WARDAH LIGHTENING DAY CREAM  TUB 20g,Kosmetik,DUS,1007900.0,1159500.0
1356561,WARDAH LIGHTENING POWDER FOUNDATION 02 GOLDEN BEIGE PCS 12g,Kosmetik,DUS,1720000.0,1978000.0
1358371,HOME SNOW VANISHING CREAM  TUB 39g,Kosmetik,DUS,114000.0,131500.0
1362271,GILLETTE FLEXI BLUE II 2'S  PCK ,Kosmetik,DUS,3959000.0,4553000.0
1366301,GILLETTE RAZOR VECTOR GANDA  PCK ,Kosmetik,DUS,265000.0,305000.0
1366531,GARNIER BRIGHT COMPLETE VIT C FACIAL WASH TUB 100mL,Kosmetik,DUS,393800.0,453000.0
1381021,SHINZU'I WHITEESSENTIAL FACIAL WASH ACNE CALM TUB 80mL,Kosmetik,DUS,1305585.0,1501500.0
1390481,GARNIER MEN ACNO FIGHT SCRUB IN FOAM ANTI ACNE TUB 50mL,Kosmetik,DUS,650000.0,747500.0
1402711,GARNIER MEN TURBO BRIGHT SUPER DUO FOAM TUB 100/150mL,Kosmetik,DUS,463000.0,532500.0
1404531,NIVEA MUD FOAM MEN BRIGHT OIL CLEAR A.-SHINE+PURIFY TUB 100mL,Kosmetik,DUS,915000.0,1052500.0
1408731,ACNES SEALING JELL  BOX 9g,Kosmetik,DUS,432000.0,497000.0
1411091,GARNIER MICELLAR CLEANSING WATER PINK BTL 125mL,Kosmetik,DUS,912500.0,1049500.0
1412611,EMINA WATERCOLOR LIP SERUM 03-DUSK PCS 2g,Kosmetik,DUS,2383200.0,2741000.0
1251561,SISRI MINUMAN SERBUK TEH INSTANT LEMON PCK 10x8g,Minuman,DUS,199500.0,219500.0
1251581,SISRI MINUMAN SERBUK TEH INSTANT GULA BATU PCK 10x8g,Minuman,DUS,199500.0,219500.0
1274233,MARIMAS INSTANT DRINK JERUK SEGAR SCT 6g,Minuman,DUS,222100.0,244500.0
1320713,POP ICE DRINK POWDER ES BLENDER ANGGUR SCT 23g,Minuman,DUS,267600.0,294500.0
1320723,POP ICE DRINK POWDER ES BLENDER COCOPANDAN DOGR SCT 25g,Minuman,DUS,267600.0,294500.0
1335323,POP ICE DRINK POWDER ES BLENDER CHOCO CREAM SCT 25g,Minuman,DUS,267600.0,294500.0
1335343,POP ICE DRINK POWDER ES BLENDER DURIAN SCT 23g,Minuman,DUS,264900.0,291500.0
1335353,POP ICE DRINK POWDER ES BLENDER MELON SCT 25g,Minuman,DUS,264900.0,291500.0
1335433,POP ICE DRINK POWDER ES BLENDER PERMEN KARET SCT 23g,Minuman,DUS,264900.0,291500.0
1335463,POP ICE DRINK POWDER ES BLENDER VANILLA BLUE SCT 25g,Minuman,DUS,264900.0,291500.0
1416933,NUTRISARI INSTANT DRINK BLEWAH SCT 11g,Minuman,DUS,189000.0,208000.0
1416943,NUTRISARI INSTANT DRINK JERUK NIPIS SCT 11g,Minuman,DUS,189000.0,208000.0
1416953,NUTRISARI INSTANT DRINK SIRSAK SCT 11g,Minuman,DUS,198000.0,218000.0
1416963,NUTRISARI INSTANT DRINK SWEET MANGGO SCT 11g,Minuman,DUS,189000.0,208000.0
1416973,NUTRISARI INSTANT DRINK ES CINCAU SCT 13g,Minuman,DUS,189000.0,208000.0
1416983,NUTRISARI INSTANT DRINK JEJU ORANGE SCT 14g,Minuman,DUS,189000.0,208000.0
1416993,NUTRISARI INSTANT DRINK JERUK MAROKO SCT 14g,Minuman,DUS,198000.0,218000.0
1417003,NUTRISARI INSTANT DRINK MADU JERUK SCT 14g,Minuman,DUS,189000.0,208000.0
1417013,NUTRISARI INSTANT DRINK MADU LEMON SCT 14g,Minuman,DUS,189000.0,208000.0
1417023,NUTRISARI INSTANT DRINK MANGGA GANDARIA SCT 14g,Minuman,DUS,198000.0,218000.0
1417033,NUTRISARI INSTANT DRINK MARKISA SCT 14g,Minuman,DUS,189000.0,208000.0
1417043,NUTRISARI INSTANT DRINK AMRCN SWT ORANG SCT 11/14g,Minuman,DUS,921600.0,1014000.0
1417093,NUTRISARI INSTANT DRINK FLORIDA ORANGE SCT 12/14g,Minuman,DUS,921600.0,1014000.0
1417113,NUTRISARI INSTANT DRINK JERUK PERAS SCT 14g,Minuman,DUS,921600.0,1014000.0
1470281,POP ICE DRINK POWDER ES BLENDER CAPPUCINO RCG 10x25g,Minuman,DUS,267600.0,294500.0
1470291,POP ICE DRINK POWDER ES BLENDER MANGGA RCG 10x23g,Minuman,DUS,264900.0,291500.0
1470321,POP ICE DRINK POWDER ES BLENDER TALAS/TARO RCG 10x25g,Minuman,DUS,264900.0,291500.0
1470331,POP ICE DRINK POWDER ES BLENDER CHOCOLATE RCG 10x25g,Minuman,DUS,264900.0,291500.0
1470341,POP ICE DRINK POWDER ES BLENDER STRAWBERRY RCG 10x23g,Minuman,DUS,264900.0,291500.0
1470351,POP ICE DRINK POWDER ES BLENDER AVOCADO RCG 10x25g,Minuman,DUS,264900.0,291500.0
1562553,NUTRISARI INSTANT DRINK ANGGUR SCT 11g,Minuman,DUS,198000.0,218000.0
1562583,NUTRISARI INSTANT DRINK MILKY ORANGE SCT 11g,Minuman,DUS,195500.0,215500.0
1577833,NUTRISARI INSTANT DRINK ISOTONIK SCT 11g,Minuman,DUS,193500.0,213000.0
1588443,POP ICE DRINK POWDER SULTAN ITALIA CHOCIATO SCT 25g,Minuman,DUS,264900.0,291500.0
1588453,POP ICE DRINK POWDER SULTAN POPCORN CARAMEL SCT 25g,Minuman,DUS,267600.0,294500.0
1588463,POP ICE DRINK POWDER ES BLENDER CREAM CHEESE SCT 25g,Minuman,DUS,267600.0,294500.0
1652263,NUTRISARI INSTANT DRINK SEMANGKA SCT 13g,Minuman,DUS,195500.0,215500.0
1817391,POP ICE ACTIVE DRINK POWDER ES BLENDER CHOCO MALT RCG 10x25g,Minuman,DUS,267600.0,294500.0
1991151,JASJUS INSTANT DRINK MANGGA SCT 6g,Minuman,PACK,17000.0,19000.0
1038111,NESTLE AIR MINERAL PURE LIFE BTL 330mL,Minuman,DUS,38800.0,43000.0
1038131,NESTLE AIR MINERAL PURE LIFE BTL 1500mL,Minuman,DUS,48000.0,53000.0
1574301,VIT AIR MINERAL  BTL 1500mL,Minuman,DUS,33900.0,37500.0
1586621,PRIM-A AIR MINERAL  BTL 1500mL,Minuman,DUS,35000.0,38500.0
12691,AQUA AIR MINERAL  BTL 1500mL,Minuman,DUS,53900.0,59500.0
12701,AQUA AIR MINERAL  BTL 600mL,Minuman,DUS,48600.0,53500.0
436251,AQUA AIR MINERAL  BTL 330mL,Minuman,DUS,36500.0,40500.0
1038121,NESTLE AIR MINERAL PURE LIFE BTL 600mL,Minuman,DUS,45900.0,50500.0
1062731,CLUB AIR MINERAL  BTL 600mL,Minuman,DUS,36000.0,40000.0
1062741,CLUB AIR MINERAL  BTL 1500mL,Minuman,DUS,37200.0,41000.0
1226321,CLUB AIR MINERAL  BTL 330mL,Minuman,DUS,34300.0,38000.0
1271601,AQUA AIR MINERAL CLICK N GO  BTL 750mL,Minuman,DUS,90000.0,99500.0
1304611,LE MINERALE AIR MINERAL  BTL 330mL,Minuman,DUS,42700.0,47000.0
1312741,LE MINERALE AIR MINERAL  BTL 1500mL,Minuman,DUS,57300.0,63500.0
1321531,ADES AIR MINERAL  BTL 600mL,Minuman,DUS,62500.0,69000.0
1432381,CRYSTALIN AIR MINERAL  BTL 600mL,Minuman,DUS,42500.0,47000.0
1460161,AQUA LIFE AIR MINERAL  BTL 1.1L,Minuman,DUS,85200.0,94000.0
1492831,LARISST AIR MINERAL  BTL 1500mL,Minuman,DUS,36900.0,41000.0
1492841,LARISST AIR MINERAL  BTL 600mL,Minuman,DUS,34800.0,38500.0
1557711,LE MINERALE AIR MINERAL  BTL 600mL,Minuman,DUS,59000.0,65000.0
1703001,PRIM-A AIR MINERAL  BTL 600mL,Minuman,DUS,35500.0,39500.0
1703011,AQUVIVA AIR MINERAL  BTL 700mL,Minuman,DUS,28900.0,32000.0
1715281,SANQUA AIR MINERAL  BTL 600/550mL,Minuman,DUS,27200.0,30000.0
1840071,VIT AIR MINERAL  BTL 550mL,Minuman,DUS,32300.0,36000.0
1165281,YEO'S DRINK GRASS JELLY KLG 300mL,Minuman,DUS,136900.0,151000.0
1197561,PANDA GRASS JELLY DRINK  KLG 310mL,Minuman,DUS,132500.0,146000.0
1201371,YEO'S BIRD'S NEST DRINK  KLG 300mL,Minuman,DUS,135500.0,149500.0
16981,ABC JUICE (NEW) JAMBU TPK 250mL,Minuman,DUS,175000.0,193000.0
273981,ABC JUICE KACANG HIJAU TPK 250mL,Minuman,DUS,103300.0,114000.0
278611,ABC JUICE KACANG HIJAU TPK 200mL,Minuman,DUS,84800.0,93500.0
286731,ABC JUICE ASAM JAWA  TPK 250mL,Minuman,DUS,106900.0,118000.0
325301,ULTRA SARI ASAM ASLI SLIM  TPK 250mL,Minuman,DUS,126800.0,139500.0
337731,BUAVITA JUICE SLIM (82317) ORANGE TPK 245mL,Minuman,DUS,187195.0,206000.0
337741,BUAVITA JUICE SLIM (82313) MANGGA TPK 245mL,Minuman,DUS,187195.0,206000.0
337751,BUAVITA JUICE SLIM (82314) JAMBU TPK 245mL,Minuman,DUS,187195.0,206000.0
337771,BUAVITA JUICE SLIM (82207) LYCHEE TPK 245mL,Minuman,DUS,187195.0,206000.0
337781,BUAVITA JUICE SLIM (82312) APPLE TPK 245mL,Minuman,DUS,187195.0,206000.0
1260581,MINUTE MAID JUICE PULPY ORANGE BTL 1L,Minuman,DUS,155000.0,170500.0
1280551,FRUITAMIN MINUMAN COCO BIT LYCHEE BTL 350mL,Minuman,DUS,76900.0,85000.0
1285371,ULTRA JUICE SARI KACANG IJO TPK 150mL,Minuman,DUS,70500.0,78000.0
1289061,MOGU-MOGU MINUMAN NATA DE COCO STRAWBERRY BTL 320mL,Minuman,DUS,288500.0,317500.0
1289091,MOGU-MOGU MINUMAN NATA DE COCO MANGGA BTL 320mL,Minuman,DUS,288500.0,317500.0
1289131,MOGU-MOGU MINUMAN NATA DE COCO LYCHEE BTL 320mL,Minuman,DUS,288500.0,317500.0
1384241,MOGU-MOGU MINUMAN NATA DE COCO GRAPE BTL 320mL,Minuman,DUS,285600.0,314500.0
1420661,PANDA GRASS JELLY DRINK BASIL SEED KLG 310mL,Minuman,DUS,132500.0,146000.0
1482851,MINUTE MAID JUICE PULPY ORANGE BTL 300mL,Minuman,DUS,60900.0,67000.0
1514801,YEO'S DRINK CHRYSANTHEMUM TPK 250mL,Minuman,DUS,104500.0,115000.0
1514841,MOGU-MOGU MINUMAN NATA DE COCO MELON BTL 320mL,Minuman,DUS,285600.0,314500.0
1665581,FLORIDINA JUICE PULP ORANGE BTL 350mL,Minuman,DUS,34900.0,38500.0
1666751,FLORIDINA JUICE PULP COCO BIT  BTL 350mL,Minuman,DUS,34900.0,38500.0
1798531,NUTRISARI JUICE DRINK SQUEEZED ORANGE TPK 200mL,Minuman,DUS,152905.0,168500.0
1804211,FRUITAMIN MINUMAN COCO BIT KYOHO GRAPE BTL 350mL,Minuman,DUS,81700.0,90000.0
1804221,FRUITAMIN MINUMAN COCO BIT STRAWBRY SAKURA BTL 350mL,Minuman,DUS,81700.0,90000.0
1804231,FRUITAMIN MINUMAN COCO BIT HOKKAIDO MELON BTL 350mL,Minuman,DUS,81700.0,90000.0
1940151,LARISST JELLY DRINK MANGO PCK 135mL,Minuman,DUS,210000.0,231500.0
1940161,LARISST JELLY DRINK STRAWBERRY PCK 135mL,Minuman,DUS,210000.0,231500.0
1940171,LARISST JELLY DRINK LECI PCK 135mL,Minuman,DUS,210000.0,231500.0
345981,ULTRA JUICE (SLIM) KACANG HIJAU TPK 250mL,Minuman,DUS,99500.0,109500.0
1384261,MOGU-MOGU MINUMAN NATA DE COCO COCONUT BTL 320mL,Minuman,DUS,285600.0,314500.0
1529201,BUAVITA JUICE (79367) NEW GUAVA TPK 1000mL,Minuman,DUS,315000.0,346500.0
1558271,KAKI TIGA LARUTAN PENYEGAR PUTIH BTL 500mL,Minuman,DUS,177595.0,195500.0
2151,CAP BADAK LARUTAN PENYEGAR MELON KLG 320mL,Minuman,DUS,156100.0,172000.0
58131,CAP BADAK LARUTAN PENYEGAR JAMBU KLG 320mL,Minuman,DUS,156100.0,172000.0
59141,CAP BADAK LARUTAN PENYEGAR PUTIH BTL 200mL,Minuman,DUS,173700.0,191500.0
108951,CAP BADAK LARUTAN PENYEGAR LECI KLG 320mL,Minuman,DUS,156100.0,172000.0
108961,CAP BADAK LARUTAN PENYEGAR ANGGUR KLG 320mL,Minuman,DUS,156100.0,172000.0
187581,CAP BADAK LARUTAN PENYEGAR APEL KLG 320mL,Minuman,DUS,158500.0,174500.0
187981,CAP BADAK LARUTAN PENYEGAR STRAWBERRY KLG 320mL,Minuman,DUS,156100.0,172000.0
188121,CAP BADAK LARUTAN PENYEGAR ORANGE KLG 320mL,Minuman,DUS,156100.0,172000.0
339031,CAP BADAK LARUTAN PENYEGAR PUTIH BTL 500mL,Minuman,DUS,180500.0,199000.0
1015221,ADEM SARI MINUMAN PENYEJUK  BOX 6x7g/5x7g,Minuman,DUS,1510000.0,1661500.0
1184841,LASEGAR LARUTAN PENYEGAR LECI KLG 320mL,Minuman,DUS,145600.0,160500.0
1202651,ADEM SARI CHING KU LEMON KLG 320mL,Minuman,DUS,175000.0,193000.0
1232211,KAKI TIGA LARUTAN PENYEGAR ANAK JERUK KLG 250/238mL,Minuman,DUS,135000.0,148500.0
1290271,KAKI TIGA LARUTAN PENYEGAR ANAK STROBERI KLG 250/238mL,Minuman,DUS,135000.0,148500.0
1290281,KAKI TIGA LARUTAN PENYEGAR ANAK LECI KLG 250/238mL,Minuman,DUS,135000.0,148500.0
1358131,KAKI TIGA LARUTAN PENYEGAR JAMBU BIJI BTL 320mL,Minuman,DUS,139500.0,153500.0
1450751,ADEM SARI CHING KU SPARKLING KLG 320mL,Minuman,DUS,187200.0,206000.0
1470871,LASEGAR TWIST JERUK-LEMON KLG 320mL,Minuman,DUS,157700.0,173500.0
1470891,LASEGAR TWIST LEMON KLG 320mL,Minuman,DUS,157700.0,173500.0
1503731,KIRANTI SEHAT DATANG BULAN  BTL 150mL,Minuman,DUS,146000.0,161000.0
1503761,KIRANTI JUICE SEHAT DATANG BULAN ORANGE BTL 150mL,Minuman,DUS,162600.0,179000.0
1503791,KIRANTI JAMU PEGAL LINU  BTL 120mL,Minuman,DUS,144100.0,159000.0
1554771,LASEGAR LARUTAN PENYEGAR JERUK NIPIS KLG 320mL,Minuman,DUS,147000.0,162000.0
1557891,KAKI TIGA LARUTAN PENYEGAR LECI BTL 320mL,Minuman,DUS,149000.0,164000.0
1557901,KAKI TIGA LARUTAN PENYEGAR COOLTOPIA LEMON LIME KLG 320mL,Minuman,DUS,146500.0,161500.0
1558181,KAKI TIGA LARUTAN PENYEGAR LECI KLG 320mL,Minuman,DUS,146500.0,161500.0
1558191,KAKI TIGA LARUTAN PENYEGAR ANGGUR KLG 320mL,Minuman,DUS,146500.0,161500.0
1558201,KAKI TIGA LARUTAN PENYEGAR STROBERI KLG 320mL,Minuman,DUS,146500.0,161500.0
1558221,KAKI TIGA LARUTAN PENYEGAR JAMBU BIJI KLG 320mL,Minuman,DUS,146500.0,161500.0
1558231,KAKI TIGA LARUTAN PENYEGAR JERUK KLG 320mL,Minuman,DUS,146500.0,161500.0
1558261,KAKI TIGA LARUTAN PENYEGAR PUTIH BTL 200mL,Minuman,DUS,160000.0,176000.0
1596051,ADEM SARI CHING KU TEH HIJAU MADU LEMON TEA BTL 350mL,Minuman,DUS,187300.0,206500.0
1635271,ADEM SARI CHING KU HERBAL TEA KLG 325/320mL,Minuman,DUS,186400.0,205500.0
1650471,KIRANTI JUICE SEHAT DATANG BULAN LYCHEE BTL 150mL,Minuman,DUS,177000.0,195000.0
1650481,KIRANTI JUICE SEHAT DATANG BULAN BERRY BTL 150mL,Minuman,DUS,177000.0,195000.0
1683041,CAP BADAK LARUTAN PENYEGAR PUTIH BTL 350mL,Minuman,DUS,150400.0,165500.0
1798501,ALANG SARI MINUMAN COOL JERUK NIPIS BTL 300mL,Minuman,DUS,82500.0,91000.0
1184831,LASEGAR LARUTAN PENYEGAR MELON KLG 320mL,Minuman,DUS,145600.0,160500.0
1341301,MORINAGA MINUMAN SUSU STERIL CHIL GO VANILLA BTL 140mL,Minuman,DUS,163600.0,180000.0
1136621,BEAR BRAND SUSU ENCER GOLD MALT PUTIH KLG 140mL,Minuman,DUS,221700.0,244000.0
66531,INDOMILK SUSU CAIR CHOCOLATE BTL 190mL,Minuman,DUS,85000.0,94000.0
391921,BEAR BRAND SUSU STERIL  KLG 189mL,Minuman,DUS,302400.0,333000.0
427261,MILO HEALTY DRINK (RTD)  KLG 220mL,Minuman,DUS,205500.0,226500.0
1136631,BEAR BRAND SUSU ENCER GOLD TEH PUTIH KLG 140mL,Minuman,DUS,221700.0,244000.0
1200411,MILO HEALTY DRINK NUTRIUP KLG 220mL,Minuman,DUS,207600.0,228500.0
1284571,F&N SUSU EVAPORASI  KLG 380g,Minuman,DUS,873500.0,961000.0
1288891,STARWAY SOYA BEAN  BTL 310mL,Minuman,DUS,119500.0,131500.0
1289041,YEO'S SOY BEAN MILK  KLG 300mL,Minuman,DUS,136900.0,151000.0
1320911,NARAYA SOYA BOTOL KEDELAI  BTL 320mL,Minuman,DUS,117500.0,129500.0
1341281,MORINAGA MINUMAN SUSU STERIL CHIL GO STRAWBERRY BTL 140mL,Minuman,DUS,163600.0,180000.0
1341291,MORINAGA MINUMAN SUSU STERIL CHIL GO COKLAT BTL 140mL,Minuman,DUS,163600.0,180000.0
1416761,INDOMILK SUSU STERIL PLAIN KLG 189mL,Minuman,DUS,206400.0,227500.0
1416771,INDOMILK SUSU STERIL HONEY KLG 189mL,Minuman,DUS,201000.0,221500.0
1479051,MINUTE MAID JUICE NUTRIBOOST ORANGE BTL 300mL,Minuman,DUS,68800.0,76000.0
1479061,MINUTE MAID JUICE NUTRIBOOST STRAWBERRY BTL 300mL,Minuman,DUS,68800.0,76000.0
1508681,SUNBAY EVAPORATED MILK  KLG 380g,Minuman,DUS,729500.0,802500.0
1643911,TUJUH KURMA SUSU STERIL KURMA  KLG 189mL,Minuman,DUS,240600.0,265000.0
1671711,MUJIGAE SUSU CAIR BANANA BTL 250mL,Minuman,DUS,104000.0,114500.0
1671721,MUJIGAE SUSU CAIR CHOCO BANANA BTL 250mL,Minuman,DUS,104000.0,114500.0
1941501,ICHITAN MINUMAN BROWN SUGAR MILK  BTL 300mL,Minuman,DUS,180100.0,198500.0
2169181,MILKU SUSU UHT COKELAT PREMIUM BTL 200mL,Minuman,DUS,36500.0,40500.0
70331,INDOMILK SUSU CAIR STRAWBERRY BTL 190mL,Minuman,DUS,85000.0,94000.0
1260251,INDOMILK SUSU CAIR MELON BTL 190mL,Minuman,DUS,85000.0,94000.0
1803341,BEAR BRAND SUSU STERIL COLLAGEN KLG 189ml,Minuman,DUS,306000.0,337000.0
2018141,TIGA SAPI SUSU EVAPORASI  TPK 500g,Minuman,DUS,162600.0,179000.0
2019481,MILKU SUSU UHT ORIGINAL BTL 200mL,Minuman,DUS,36500.0,40500.0
2019841,MILKU SUSU UHT STROBERI BTL 200mL,Minuman,DUS,36500.0,40500.0
1012821,SOSRO FRUIT TEA BLACKCURRANT BTL 500mL,Minuman,DUS,150400.0,165500.0
1012801,SOSRO FRUIT TEA APEL BTL 500mL,Minuman,DUS,150400.0,165500.0
1203041,TEBS TEA WITH SODA  BTL 500mL,Minuman,DUS,166300.0,183000.0
1012811,SOSRO FRUIT TEA STRAWBERRY BTL 500mL,Minuman,DUS,150400.0,165500.0
1351361,PUCUK HARUM MINUMAN TEH MELATI BTL 1.36/1.3L,Minuman,DUS,63900.0,70500.0
1346221,ICHITAN THAI MILK TEA DRINK  BTL 300mL,Minuman,DUS,180100.0,198500.0
97671,SOSRO FRUIT TEA APPLE TPK 200mL,Minuman,DUS,62200.0,68500.0
122091,SOSRO TEH BOTOL (KOTAK)  TPK 250mL,Minuman,DUS,56500.0,62500.0
361021,SOSRO FRUIT TEA STRAWBERRY TPK 200mL,Minuman,DUS,62200.0,68500.0
454161,ULTRA TEH KOTAK JASMINE TEA TPK 300mL,Minuman,DUS,80200.0,88500.0
464141,SOSRO FRUIT TEA BLACKCURRANT TPK 200mL,Minuman,DUS,62200.0,68500.0
803581,SOSRO TEH BOTOL (KOTAK)  TPK 200mL,Minuman,DUS,50500.0,56000.0
1023961,SOSRO FRUIT TEA X-TREME APEL-BLACKCRRNT BTL 500mL,Minuman,DUS,148900.0,164000.0
1057671,NU MINUMAN GREEN TEA HONEY BTL 450mL,Minuman,DUS,121800.0,134000.0
1057681,NU MINUMAN GREEN TEA ORIGINAL BTL 450mL,Minuman,DUS,120500.0,133000.0
1135041,NU MINUMAN GREEN TEA HONEY BTL 330mL,Minuman,DUS,76395.0,84500.0
1135051,NU MINUMAN GREEN TEA ORIGINAL BTL 330mL,Minuman,DUS,76395.0,84500.0
1141511,SOSRO TEH BOTOL (KOTAK)  TPK 1L,Minuman,DUS,103100.0,113500.0
1201111,YEO'S DRINK CHRYSANTHEMUM KLG 300mL,Minuman,DUS,135500.0,149500.0
1202641,NU MINUMAN MILK TEA  BTL 330mL,Minuman,DUS,144000.0,158500.0
1224411,PANDA LIANG TEH  KLG 310mL,Minuman,DUS,132500.0,146000.0
1271811,SOSRO FRUIT TEA BLACKCURRANT BTL 350mL,Minuman,DUS,39500.0,43500.0
1271821,SOSRO FRUIT TEA APPLE BTL 350mL,Minuman,DUS,39500.0,43500.0
1290451,ULTRA TEH KOTAK LESS SUGAR  TPK 300mL,Minuman,DUS,81100.0,89500.0
1292811,SOSRO FRUIT TEA FREEZE BTL 350mL,Minuman,DUS,39900.0,44000.0
1310051,NU MINUMAN TEH TARIK  BTL 330mL,Minuman,DUS,144000.0,158500.0
1316201,FRESTEA MINUMAN TEH AROMA MELATI BTL 350mL,Minuman,DUS,43000.0,47500.0
1348091,PUCUK HARUM MINUMAN TEH MELATI BTL 500mL,Minuman,DUS,65600.0,72500.0
1372541,FRESTEA MINUMAN TEH AROMA MELATI BTL 500mL,Minuman,DUS,66200.0,73000.0
1372561,FRESTEA MINUMAN TEH GREEN MADU BTL 500mL,Minuman,DUS,66200.0,73000.0
1373891,FRESTEA MINUMAN TEH APEL BTL 350mL,Minuman,DUS,43000.0,47500.0
1373901,FRESTEA MINUMAN TEH MARKISA BTL 350mL,Minuman,DUS,43000.0,47500.0
1390391,SOSRO FRUIT TEA MARKISA BTL 350mL,Minuman,DUS,39900.0,44000.0
1390561,POKKA DRINK GREEN TEA JASMINE BTL 450mL,Minuman,DUS,120000.0,132000.0
1403431,SOSRO TEH BOTOL JASMINE TEA BTL 450mL,Minuman,DUS,146500.0,161500.0
1403441,ULTRA TEH KOTAK  TPK 500mL,Minuman,DUS,79500.0,87500.0
1405711,SOSRO TEH BOTOL (KOTAK)  TPK 330/300mL,Minuman,DUS,61200.0,67500.0
1411011,S-TEE MINUMAN TEH MELATI BTL 350/390mL,Minuman,DUS,35300.0,39000.0
1411571,SOSRO TEH BOTOL TAWAR BTL 350mL,Minuman,DUS,39500.0,43500.0
1413691,PUCUK HARUM MINUMAN TEH MELATI BDD 6x250mL,Minuman,DUS,67600.0,74500.0
1445891,ICHI OCHA MINUMAN GREEN TEA  BTL 350mL,Minuman,DUS,72900.0,80500.0
1445901,ICHI OCHA MINUMAN TEH MELATI BTL 350mL,Minuman,DUS,51500.0,57000.0
1454451,SOSRO FRUIT TEA LEMON BTL 350mL,Minuman,DUS,39900.0,44000.0
1461131,SOSRO TEH BOTOL ORIGINAL BTL 350mL,Minuman,DUS,39500.0,43500.0
1475451,ULTRA TEH KOTAK BLACKCURRANT TPK 300mL,Minuman,DUS,80200.0,88500.0
1623831,GOLDA COFFEE DRINK CAPPUCCINO BTL 200mL,Minuman,DUS,38580.0,42500.0
1623821,GOLDA COFFEE DRINK DOLCE LATTE BTL 200mL,Minuman,DUS,38580.0,42500.0
1633801,NESCAFE COFFEE DRINK CAPPUCCINO KLG 220mL,Minuman,DUS,144000.0,158500.0
1633781,NESCAFE COFFEE DRINK LATTE KLG 220mL,Minuman,DUS,144000.0,158500.0
1031331,NESCAFE ICE COFFEE ORIGINAL KLG 220mL,Minuman,DUS,209000.0,230000.0
1064361,NESCAFE ICE COFFEE LATTE KLG 220mL,Minuman,DUS,209000.0,230000.0
1110831,NESCAFE ICE COFFEE MOCHA KLG 220mL,Minuman,DUS,209000.0,230000.0
1241131,GOOD DAY COFFEE DRINK FUNTS.MOCACINNO BTL 250mL,Minuman,DUS,126000.0,139000.0
1354231,KAPAL API COFFEE DRINK SIGNATURE ORGINAL BLACK COFFEE BTL 200mL,Minuman,DUS,53100.0,58500.0
1377801,GOOD DAY COFFEE DRINK AVOCADO DELIGHT BTL 250mL,Minuman,DUS,127300.0,140500.0
1391021,LUWAK WHITE KOFFIE ORIGINAL BTL 220mL,Minuman,DUS,68200.0,75500.0
1433061,KOPIKO COFFEE LATTE 78C  BTL 240mL,Minuman,DUS,80000.0,88000.0
1474391,TORA CAFE MINUMAN ICED CAPPUCCINO BTL 180mL,Minuman,DUS,50000.0,55500.0
1488141,ICHITAN THAI MILK COFFEE DRINK  BTL 300mL,Minuman,DUS,182000.0,200500.0
1515341,GOOD DAY COFFEE DRINK CAPPUCCINO BTL 250mL,Minuman,DUS,126000.0,139000.0
1528511,NESCAFE COFFEE CREAM  TPK 180mL,Minuman,DUS,145500.0,160500.0
1588991,STARBUCKS DOUBLESHOT COFFEE DRINK CARAMEL LATTE KLG 220mL,Minuman,DUS,305500.0,336500.0
1591391,KOPI KENANGAN HANYA UNTUKMU COFFEE DRINK INDONESIANO BTL 200mL,Minuman,DUS,141700.0,156000.0
1601401,KAPAL API COFFEE DRINK SIGNATURE STRONG BLACK COFFEE BTL 200mL,Minuman,DUS,53100.0,58500.0
1633791,NESCAFE COFFEE DRINK CRMEL MACCHIATO KLG 220mL,Minuman,DUS,144000.0,158500.0
1638081,TORABIKA MINUMAN KOPIKAP JUMBO CAPPUCCINO CUP 200mL,Minuman,DUS,37500.0,41500.0
1683611,KOPI KENANGAN HANYA UNTUKMU COFFEE DRINK MANTANCINO BTL 220mL,Minuman,DUS,187900.0,207000.0
1683631,KOPI KENANGAN HANYA UNTUKMU COFFEE DRINK AVOCUDDLE BTL 220mL,Minuman,DUS,187900.0,207000.0
1683651,KOPI KENANGAN HANYA UNTUKMU COFFEE DRINK BLACK AREN BTL 220mL,Minuman,DUS,187900.0,207000.0
1685051,OATSIDE OAT MILK WITH STRAW COFFEE TPK 200mL,Minuman,DUS,144000.0,158500.0
1710511,ABC COFFEE DRINK CHOCOMALT COFFE BTL 200mL,Minuman,DUS,80000.0,88000.0
1710521,ABC COFFEE DRINK MILK COFFEE BTL 200mL,Minuman,DUS,80000.0,88000.0
1744791,GOOD DAY COFFEE DRINK GROOVY COOKIES BTL 250mL,Minuman,DUS,127300.0,140500.0
1837301,NESCAFE COFFEE DRINK ICE BLACK KLG 220mL,Minuman,DUS,144000.0,158500.0
1241141,GOOD DAY COFFEE DRINK TIRAMISU BLISS BTL 250mL,Minuman,DUS,127300.0,140500.0
1474401,TORA CAFE MINUMAN ICED MILKY LATTE BTL 180mL,Minuman,DUS,49700.0,55000.0
1552321,KAPAL API COFFEE DRINK WHITE COFFEE BTL 200mL,Minuman,DUS,53400.0,59000.0
1596431,ICHITAN COLD BREW COFFEE BROWN SUGAR BTL 250mL,Minuman,DUS,152500.0,168000.0
1596441,ICHITAN COLD BREW COFFEE CLASSIC LATTE BTL 250mL,Minuman,DUS,152500.0,168000.0
54981,KRATINGDAENG ENERGY DRINK REGULER BTL 150mL,Minuman,DUS,250000.0,275000.0
294621,HEMAVITON ENERGI DRINK  BTL 150mL,Minuman,DUS,251400.0,277000.0
386071,KRATINGDAENG ENERGY DRINK SUPER BTL 150mL,Minuman,DUS,310000.0,341000.0
888541,YOU C1000 HEALTH DRINK VITAMIN LEMON BTL 140mL,Minuman,DUS,180000.0,198500.0
1070981,YOU C1000 HEALTH DRINK VITAMIN ORANGE BTL 140mL,Minuman,DUS,180000.0,198500.0
1072801,POCARI SWEAT MINUMAN ISOTONIK  BTL 500mL,Minuman,DUS,152500.0,168000.0
1115931,POCARI SWEAT MINUMAN ISOTONIK  BTL 350mL,Minuman,DUS,127800.0,141000.0
1131341,HYDRO COCO NATURAL HEALTH DRINK  TPK 250mL,Minuman,DUS,156500.0,172500.0
1142401,YOU C1000 ISOTONIC DRINK ORANGE WATER BTL 500mL,Minuman,DUS,172805.0,190500.0
1142411,YOU C1000 ISOTONIC DRINK LEMON WATER BTL 500mL,Minuman,DUS,172800.0,190500.0
1169641,POCARI SWEAT MINUMAN ISOTONIK  BTL 900mL,Minuman,DUS,166700.0,183500.0
1201311,NEO HORMOVITON PASAK BUMI  BTL 150mL,Minuman,DUS,265000.0,291500.0
1212291,POCARI SWEAT MINUMAN ISOTONIK  BTL 2000mL,Minuman,DUS,115100.0,127000.0
1260661,YOU C1000 HEALTH DRINK VITAMIN APPLE BTL 140mL,Minuman,DUS,180000.0,198500.0
1292731,ION WATER MINUMAN ISOTONIK  BTL 350mL,Minuman,DUS,134500.0,148000.0
1334921,RED BULL GOLD ENERGY DRINK  KLG 250mL,Minuman,DUS,166995.0,184000.0
1441671,RED BULL ENERGY DRINK  KLG 250mL,Minuman,DUS,516000.0,568000.0
1481491,HYDRO COCO NATURAL HEALTH DRINK  TPK 500mL,Minuman,DUS,150400.0,165500.0
1497451,M-150 MINUMAN ENERGI CAN  KLG 250mL,Minuman,DUS,165000.0,182000.0
1525371,HEMAVITON HEALTH DRINK VITAMIN C1000 LESS SGR ORANGE KLG 330mL,Minuman,DUS,147200.0,162000.0
1547141,ION WATER MINUMAN ISOTONIK  BTL 500mL,Minuman,DUS,155000.0,170500.0
1560411,YOU C1000 HEALTH DRINK VITAMIN MANGO BTL 140mL,Minuman,DUS,180000.0,198500.0
1578641,ISOPLUS MINUMAN ISOTONIK COCO BTL 350mL,Minuman,DUS,29500.0,32500.0
1630961,HEMAVITON HEALTH DRINK VITAMIN C1000 LEMON KLG 330mL,Minuman,DUS,145700.0,160500.0
1632121,AMUNIZER DRINK VITAMIN C-1000MG  BTL 140mL,Minuman,DUS,160800.0,177000.0
1757701,MIZONE MINUMAN ISOTONIK COCO BOOST BTL 500mL,Minuman,DUS,46000.0,51000.0
1818471,MIZONE ACTIVE MINUMAN ISOTONIK LYCHEE BTL 500mL,Minuman,DUS,46000.0,51000.0
1818501,MIZONE MOOD UP MINUMAN ISOTONIK CRANBERRY BTL 500mL,Minuman,DUS,46000.0,51000.0
2169171,ISOPLUS MINUMAN ISOTONIK  BTL 350mL,Minuman,DUS,29500.0,32500.0
55051,M-150 MINUMAN KESEHATAN  BTL 150mL,Minuman,DUS,243500.0,268000.0
1265921,POKKA NATSBEE DRINK HONEY LEMON BTL 450mL,Minuman,DUS,132500.0,146000.0
1502441,HYDRO COCO NATURAL HEALTH DRINK VITA-D TPK 330mL,Minuman,DUS,113100.0,124500.0
1667081,ORONAMIN C MINUMAN BERVITAMIN  BTL 120mL,Minuman,DUS,129200.0,142500.0
1704281,HYDRO COCO NATURAL HEALTH DRINK  TPK 1L,Minuman,DUS,262900.0,289500.0
1835381,HS ROKOK KRETEK FILTER  BKS 20'S,Rokok & Produk Tembakau,SLOP,267000.0,275500.0
1696781,CLAS MILD ROKOK FILTER ELITE BKS 16'S,Rokok & Produk Tembakau,SLOP,296500.0,305500.0
1698591,DJARUM ROKOK KRETEK  D WRAPS BKS 12'S,Rokok & Produk Tembakau,SLOP,135000.0,139500.0
1804561,DJARUM SUPER ROKOK KRETEK WRAP BKS 12'S,Rokok & Produk Tembakau,SLOP,160000.0,165000.0
1665931,SAMPOERNA ROKOK FILTER AVOLUTION TWILIGHT BREEZE BKS 20'S,Rokok & Produk Tembakau,SLOP,447000.0,460500.0
1699221,AROMA ROKOK FILTER ROYAL TEA BKS 16'S,Rokok & Produk Tembakau,SLOP,137600.0,142000.0
357511,LUCKY STRIKE  FILTER COOL SWITCH BKS 20'S,Rokok & Produk Tembakau,SLOP,292000.0,301000.0
1653971,LUCKY STRIKE  FILTER PURPLE BOOST BKS 20'S,Rokok & Produk Tembakau,SLOP,292000.0,301000.0
1820721,LUCKY STRIKE  FILTER BERRY FREEZE BKS 20's,Rokok & Produk Tembakau,DUS,14575000.0,15012500.0
357501,LUCKY STRIKE  FILTER (PCS)  BKS 20'S,Rokok & Produk Tembakau,SLOP,283000.0,291500.0
1437031,WISMILAK  KRETEK  BKS 12's,Rokok & Produk Tembakau,SLOP,149300.0,154000.0
1448011,ENVIO  KRETEK  BKS 12'S,Rokok & Produk Tembakau,SLOP,115300.0,119000.0
1729711,ENVIO  KRETEK JAMBU BKS 12'S,Rokok & Produk Tembakau,SLOP,115500.0,119000.0
1973131,WISMILAK  KRETEK ARJA  BKS 12'S,Rokok & Produk Tembakau,SLOP,99600.0,103000.0
1694681,WISMILAK  KRETEK ARJA ANGGUR  BKS 12'S,Rokok & Produk Tembakau,SLOP,107000.0,110500.0
1694691,WISMILAK  KRETEK ARJA LECI BKS 12'S,Rokok & Produk Tembakau,SLOP,106000.0,109500.0
357441,WISMILAK  FILTER DIPLOMAT   BKS 12'S,Rokok & Produk Tembakau,SLOP,244500.0,252000.0
728071,CLAS MILD  FILTER  BKS 16'S,Rokok & Produk Tembakau,SLOP,280800.0,289500.0
2020001,WISMILAK  KRETEK ARJA MANGGA ARUMANIS BKS 12'S,Rokok & Produk Tembakau,SLOP,106000.0,109500.0
1327361,DUNHILL  FINE CUT MILD  BKS 20'S,Rokok & Produk Tembakau,SLOP,371000.0,382500.0
1051351,DUNHILL  INTERNATIONAL (BIRU) LIGHTS BKS 20'S,Rokok & Produk Tembakau,SLOP,273000.0,281500.0
1386321,DUNHILL  FINE CUT FILTER  BKS 16'S,Rokok & Produk Tembakau,SLOP,293000.0,302000.0
1470451,DUNHILL  FINE CUT MILD  BKS 16'S,Rokok & Produk Tembakau,SLOP,293000.0,302000.0
1653331,DUNHILL  FINE CUT FILTER  BKS 12'S,Rokok & Produk Tembakau,SLOP,214000.0,220500.0
1650021,CLAS MILD  FILTER PURPLE DUO BKS 16'S,Rokok & Produk Tembakau,SLOP,283000.0,291500.0
1051371,DUNHILL  INTERNATIONAL (HIJAU) MENTHOL LIGHTS BKS 20'S,Rokok & Produk Tembakau,SLOP,273000.0,281500.0
1820731,DUNHILL  FINE CUT MILD EVOQUE BKS 16's,Rokok & Produk Tembakau,DUS,18900000.0,19467000.0
1361971,ENVIO  FILTER MILD  BKS 16'S,Rokok & Produk Tembakau,SLOP,231800.0,239000.0
1664391,ENVIO  FILTER MILD WATERMELON BKS 16'S,Rokok & Produk Tembakau,SLOP,231800.0,239000.0
1678461,DIPLOMAT  KRETEK FILTER EVO MANGO SQUIZZ BKS 16'S,Rokok & Produk Tembakau,SLOP,247500.0,255000.0
1678471,DIPLOMAT  KRETEK FILTER EVO BERRY SQUIZZ BKS 16'S,Rokok & Produk Tembakau,SLOP,247500.0,255000.0
1694631,DIPLOMAT  KRETEK FILTER EVO LYCHEE SQUIZZ BKS 16'S,Rokok & Produk Tembakau,SLOP,247500.0,255000.0
1694641,DIPLOMAT  KRETEK FILTER EVO GUAVA SQUIZZ BKS 16'S,Rokok & Produk Tembakau,SLOP,247500.0,255000.0
1834161,DIPLOMAT  KRETEK FILTER EVO MANGO SQUIZZ BKS 12'S,Rokok & Produk Tembakau,SLOP,181200.0,187000.0
1834171,DIPLOMAT  KRETEK FILTER EVO BERRY SQUIZZ BKS 12'S,Rokok & Produk Tembakau,SLOP,181200.0,187000.0
1545551,MARLBORO  KRETEK  BKS 12'S,Rokok & Produk Tembakau,SLOP,109800.0,113500.0
1858171,BENTOEL SJT  KRETEK  BKS 12'S,Rokok & Produk Tembakau,SLOP,90000.0,93000.0
357261,DJARUM  KRETEK COKLAT   BKS 12'S,Rokok & Produk Tembakau,SLOP,163400.0,168500.0
394201,DJARUM 76  KRETEK  BKS 12S,Rokok & Produk Tembakau,SLOP,154500.0,159500.0
1361981,DJARUM  KRETEK COKLAT EXTRA  BKS 12'S,Rokok & Produk Tembakau,SLOP,154500.0,159500.0
1650561,DJARUM  KRETEK SAFARI  PCK 12'S,Rokok & Produk Tembakau,SLOP,126000.0,130000.0
1703041,DJARUM COKLAT  KRETEK ELITE BKS 12'S,Rokok & Produk Tembakau,SLOP,163400.0,168500.0
1471551,MARLBORO  KRETEK CRAFTED SELONSONG BIRU BKS 12'S,Rokok & Produk Tembakau,SLOP,103500.0,107000.0
733501,DJI SAM SOE  KRETEK   BKS 16'S,Rokok & Produk Tembakau,SLOP,261500.0,269500.0
1638681,DJI SAM SOE  KRETEK MAGNUM  BKS 12'S,Rokok & Produk Tembakau,SLOP,163000.0,168000.0
1686841,DJI SAM SOE  KRETEK  BKS 12'S,Rokok & Produk Tembakau,SLOP,193000.0,199000.0
1557361,SAMPOERNA KRETEK SLIMS AVOLUTION  BKS 20'S,Rokok & Produk Tembakau,SLOP,419500.0,432500.0
1557371,SAMPOERNA KRETEK SLIMS AVOLUTION MENTHOL BKS 20'S,Rokok & Produk Tembakau,SLOP,419500.0,432500.0
1333441,SAMPOERNA  KRETEK  HIJAU BKS 12'S,Rokok & Produk Tembakau,SLOP,152800.0,157500.0
1678551,SAMPOERNA  KRETEK PRIMA GO  BKS 12'S,Rokok & Produk Tembakau,SLOP,133300.0,137500.0
1664401,SAMPOERNA  KRETEK PRIMA  BKS 12'S,Rokok & Produk Tembakau,SLOP,147000.0,151500.0
1745651,SAMPOERNA  KRETEK LEGIT NIRA BKS 12'S,Rokok & Produk Tembakau,SLOP,132500.0,136500.0
1586231,DJARUM  KRETEK SAFARI WRAPS PCK 12'S,Rokok & Produk Tembakau,SLOP,145500.0,150000.0
1638501,DJARUM 76  KRETEK NANAS BKS 12'S,Rokok & Produk Tembakau,SLOP,136500.0,141000.0
1839071,DJARUM 76  KRETEK APEL BKS 12'S,Rokok & Produk Tembakau,SLOP,136500.0,141000.0
714181,DJI SAM SOE  KRETEK SUPER PREMIUM BKS 12'S,Rokok & Produk Tembakau,SLOP,212000.0,218500.0
1604741,DJI SAM SOE  KRETEK MAGNUM COKLAT PCK 12'S,Rokok & Produk Tembakau,SLOP,133500.0,138000.0
1676731,DJI SAM SOE  KRETEK SUPER PREMIUM BKS 16's,Rokok & Produk Tembakau,SLOP,206400.0,213000.0
1942171,DJI SAM SOE  KRETEK EDISI KHUSUS BKS 12'S,Rokok & Produk Tembakau,SLOP,192000.0,198000.0
1653341,DIPLOMAT  EVO  BKS 16'S,Rokok & Produk Tembakau,SLOP,238500.0,246000.0
1666371,DJARUM COKLAT  KRETEK EXTRA MOCCA BKS 12'S,Rokok & Produk Tembakau,SLOP,163000.0,168000.0
1758851,DJARUM 76  KRETEK MANGGA ROYAL BKS 12'S,Rokok & Produk Tembakau,SLOP,145500.0,150000.0
1783091,DJARUM 76  SIGARET KRETEK MANGGA BKS 12'S,Rokok & Produk Tembakau,SLOP,145500.0,150000.0
1715941,SAMPOERNA  FILTER  ZETTA BKS 12'S,Rokok & Produk Tembakau,SLOP,220000.0,227000.0
1745061,DJARUM SUPER  KRETEK ESPRESSO BKS 12'S,Rokok & Produk Tembakau,SLOP,163000.0,168000.0
1666381,DJARUM SUPER  KRETEK ESPRESSO GOLD BKS 12'S,Rokok & Produk Tembakau,SLOP,177000.0,182500.0
357321,SAMPOERNA  FILTER MILD (PCS) MERAH BKS 12'S,Rokok & Produk Tembakau,SLOP,245000.0,252500.0
357331,SAMPOERNA  FILTER MILD (PCS) MERAH BKS 16'S,Rokok & Produk Tembakau,SLOP,342000.0,352500.0
1528871,SAMPOERNA  FILTER MILD MERAH BKS 50'S,Rokok & Produk Tembakau,SLOP,368000.0,379500.0
1755331,SAMPOERNA  FILTER MILD 35TH/89EDISI MERAH BKS 16'S,Rokok & Produk Tembakau,SLOP,320000.0,330000.0
2017831,DJI SAM SOE  KRETEK MAESTRO EDITION SUPER PREMIUM BKS 12's,Rokok & Produk Tembakau,SLOP,184000.0,190000.0
1427161,SAMPOERNA  FILTER MILD (PCS) MENTHOL BURST BKS 16'S,Rokok & Produk Tembakau,SLOP,342000.0,352500.0
1028341,DJI SAM SOE  FILTER MAGNUM  BKS 12'S,Rokok & Produk Tembakau,SLOP,252800.0,260500.0
1585501,DIPLOMAT  FILTER EVO EXPLORE SERIES BKS 16'S,Rokok & Produk Tembakau,SLOP,230500.0,237500.0
1346411,MARLBORO  FILTER BLACK BKS 12'S,Rokok & Produk Tembakau,SLOP,231000.0,238000.0
1441731,MARLBORO  FILTER BLACK BKS 20'S,Rokok & Produk Tembakau,SLOP,380000.0,391500.0
1528801,MARLBORO  FILTER BLACK BKS 16'S,Rokok & Produk Tembakau,SLOP,305500.0,315000.0
1839061,MARLBORO HAIR POMADE BLACK POT 100g,Rokok & Produk Tembakau,DUS,2088000.0,2151000.0
1420821,MARLBORO HAIR POMADE CLAY BLACK ANCHOR POT 100g,Rokok & Produk Tembakau,DUS,3845000.0,3960500.0
1839021,MARLBORO HAIR POMADE NERO BLACK KLG 100g,Rokok & Produk Tembakau,DUS,3146400.0,3241000.0
1839031,MARLBORO HAIR POMADE  ROUGE BLACK KLG 100g,Rokok & Produk Tembakau,DUS,3146400.0,3241000.0
1839041,MARLBORO HAIR POMADE WATER BASED KLG 100g,Rokok & Produk Tembakau,DUS,3096000.0,3189000.0
1521841,WIN  KRETEK 12'S  BKS,Rokok & Produk Tembakau,SLOP,95000.0,98000.0
1615601,POETRI  KRETEK  BKS 12'S,Rokok & Produk Tembakau,SLOP,89000.0,92000.0
1590991,JANAKA  KRETEK  BKS 12'S,Rokok & Produk Tembakau,SLOP,97200.0,100500.0
1627881,DIABLO  KRETEK 12'S  BKS,Rokok & Produk Tembakau,SLOP,108500.0,112000.0
1820741,CAMEL  KRETEK  BKS 12's,Rokok & Produk Tembakau,DUS,2656000.0,2736000.0
357411,MARLBORO  FILTER HARDPACK (PCS)  BKS 20'S,Rokok & Produk Tembakau,SLOP,500000.0,515000.0
357421,MARLBORO  FILTER (PCS) LIGHT BKS 20'S,Rokok & Produk Tembakau,SLOP,500000.0,515000.0
1255491,MARLBORO  FILTER ICE BLAST / ICE BURST BKS 20'S,Rokok & Produk Tembakau,SLOP,500000.0,515000.0
1833821,MARLBORO  FILTER VISTA TROPICAL BURST BKS 16'S,Rokok & Produk Tembakau,SLOP,325000.0,335000.0
425111,DJARUM  FILTER BLACK BKS 16'S,Rokok & Produk Tembakau,SLOP,329800.0,340000.0
1475461,DJARUM CERUTU CIGARILLOS  BKS 6'S,Rokok & Produk Tembakau,SLOP,126000.0,130000.0
1503611,DJARUM KING  FILTER  BKS 12'S,Rokok & Produk Tembakau,SLOP,219500.0,226500.0
1468581,DJARUM 76  SIGARET KRETEK MADU HITAM BKS 12'S,Rokok & Produk Tembakau,SLOP,135500.0,140000.0
1569931,OCHA  KRETEK GUAVA BKS 12'S,Rokok & Produk Tembakau,SLOP,92000.0,95000.0
1599111,JUARA  KRETEK APEL BKS 12's,Rokok & Produk Tembakau,DUS,2640000.0,2719500.0
1337431,ESSE CHANGE  FILTER GRAPE BKS 20'S,Rokok & Produk Tembakau,SLOP,403000.0,415500.0
1433961,ESSE CHANGE  FILTER JUICY BKS 20'S,Rokok & Produk Tembakau,SLOP,402300.0,414500.0
1379781,ESSE CHANGE  FILTER APPLEMINT BKS 20'S,Rokok & Produk Tembakau,SLOP,403000.0,415500.0
1506391,ESSE CHANGE  FILTER APPLEMINT BKS 16'S,Rokok & Produk Tembakau,SLOP,327500.0,337500.0
1441121,ESSE  FILTER BERRY POP  BKS 16'S,Rokok & Produk Tembakau,SLOP,333500.0,344000.0
1633641,ESSE  FILTER PUNCH POP  BKS 16'S,Rokok & Produk Tembakau,SLOP,333500.0,344000.0
1633891,ESSE  FILTER BERRY POP  BKS 12'S,Rokok & Produk Tembakau,SLOP,250500.0,258500.0
1645241,ESSE  FILTER DOUBLE POP  BKS 16'S,Rokok & Produk Tembakau,SLOP,353500.0,364500.0
27831,VIXAL PEMBERSIH KAMAR MANDI TRIPLE ACTION BTL 470/360mL,Produk Kebersihan & Rumah Tangga,DUS,106500.0,112000.0
27841,VIXAL PEMBERSIH KAMAR MANDI LEMON BTL 470/360mL,Produk Kebersihan & Rumah Tangga,DUS,106500.0,112000.0
30871,MAMA LEMON CAIRAN PENCUCI PIRING REFILL EKSTRAK LEMON PCH 680mL/690g,Produk Kebersihan & Rumah Tangga,DUS,122405.0,129000.0
30881,MAMA LIME CAIRAN PENCUCI PIRING REFILL LIME&MNRAL SALT PCH 680mL/690g,Produk Kebersihan & Rumah Tangga,DUS,111595.0,117500.0
31231,ABC BATTERY BIRU R6 4'S  PCK ,Produk Kebersihan & Rumah Tangga,DUS,65000.0,68500.0
36881,YURI PEMBERSIH PORSELIN PORSTEX PARFUM BTL 1000mL,Produk Kebersihan & Rumah Tangga,DUS,287400.0,302000.0
36891,YURI PEMBERSIH PORSELIN PORSTEX NON PARFUM BTL 1000mL,Produk Kebersihan & Rumah Tangga,DUS,287400.0,302000.0
39231,SAKA SEDOTAN STRIP (40) FLEXIBLE PCK ,Produk Kebersihan & Rumah Tangga,PCS,474900.0,499000.0
41021,NICE FACIAL TISSUE LIVING 2000HELAI  PCK 1000g,Produk Kebersihan & Rumah Tangga,DUS,780015.0,819500.0
43041,TESSA FACIAL TISSUE (TM-05)/120'S NON PERFUMED BOX ,Produk Kebersihan & Rumah Tangga,DUS,632000.0,664000.0
44151,LION STAR JEPITAN BAJU (LNDRY CLIPS)JB-1  PCK ,Produk Kebersihan & Rumah Tangga,DUS,313100.0,329000.0
47841,SOS PEMBERSIH LANTAI REFILL APPLE PCH 725/700mL,Produk Kebersihan & Rumah Tangga,DUS,118800.0,125000.0
48271,LION STAR TEMPAT SABUN MB-5 001 KOTAK PCS ,Produk Kebersihan & Rumah Tangga,PCS,1462400.0,1536000.0
49861,VIXAL PEMBERSIH KAMAR MANDI EKTRA KUAT BTL 780/750g,Produk Kebersihan & Rumah Tangga,DUS,202795.0,213000.0
52921,LION STAR FOLDING HANGER 20 STICK GB-3  PCS ,Produk Kebersihan & Rumah Tangga,PCS,1149600.0,1207500.0
52951,LION STAR PENGKI BETA DP-1  PCS ,Produk Kebersihan & Rumah Tangga,LS,380700.0,400000.0
52961,LION STAR EMBER LUX POLOS PL-3  PCS 3GLN,Produk Kebersihan & Rumah Tangga,PCS,1938700.0,2036000.0
55891,A/N PLASTIK ULTAH PITA LUX 50'S  PCK ,Produk Kebersihan & Rumah Tangga,DUS,527300.0,554000.0
58611,TESSA TOILET TISSUE (TOT-04)  ROL ,Produk Kebersihan & Rumah Tangga,DUS,628900.0,660500.0
62601,BAYGON INSEKTISIDA SPRAY CITRUS FRESH KLG 600/675mL,Produk Kebersihan & Rumah Tangga,DUS,515100.0,541000.0
64541,POLYTEX SABUT SPON  PCS ,Produk Kebersihan & Rumah Tangga,LS,39600.0,42000.0
65911,WIPOL PEMBERSIH LANTAI CLASSIC PINE BTL 750mL/730g,Produk Kebersihan & Rumah Tangga,DUS,336560.0,353500.0
79991,BAYGON INSEKTISIDA COIL (5'S) SUPER WANGI BOX ,Produk Kebersihan & Rumah Tangga,DUS,184900.0,194500.0
83301,HIT POMPA ANTI NYAMUK  PCS ,Produk Kebersihan & Rumah Tangga,DUS,223200.0,234500.0
92191,TOPLY SERVIETTES NAPKIN 50'S/312 WHITE PCK 30X30.5cm,Produk Kebersihan & Rumah Tangga,DUS,240000.0,252000.0
99791,SWALLOW TOILET COLOUR BALL S-109 (5'S)  PCK ,Produk Kebersihan & Rumah Tangga,DUS,277800.0,292000.0
100321,SWALLOW KAMPER BUTIR S-129 WARNA PCK 150g,Produk Kebersihan & Rumah Tangga,PACK,223900.0,235500.0
101631,GAJAH LEM TIKUS KOTAK  PCK 75/70g,Produk Kebersihan & Rumah Tangga,DUS,85800.0,90500.0
106891,BAYFRESH AIR FRESHENER SPRAY LEMON YUZU KLG 225mL,Produk Kebersihan & Rumah Tangga,DUS,190795.0,200500.0
113751,SWALLOW KAMPER ISI S-101  PCS ,Produk Kebersihan & Rumah Tangga,DUS,151000.0,159000.0
113761,SWALLOW NAPTALINE BALL JUMBO S-114/5'S  PCK ,Produk Kebersihan & Rumah Tangga,DUS,269500.0,283000.0
114641,SWALLOW KAMPER DEODORIZER BALL S-105  PCK ,Produk Kebersihan & Rumah Tangga,DUS,287600.0,302000.0
114651,SWALLOW KAMPER BUTIR S-112 PUTIH PCK 150g,Produk Kebersihan & Rumah Tangga,DUS,217095.0,228000.0
114661,SWALLOW KAMPER BUTIR S-113 PUTIH PCK 300g,Produk Kebersihan & Rumah Tangga,DUS,363600.0,382000.0
115623,SWALLOW NAPHTHALINE S-111  PCS 35g,Produk Kebersihan & Rumah Tangga,DUS,2348300.0,2466000.0
119221,YURI PEMBERSIH PORSELIN PORSTEX NON PARFUM BTL 500mL,Produk Kebersihan & Rumah Tangga,PCS,169700.0,178500.0
122641,BAGUS KAPUR AJAIB 6'S  PCK ,Produk Kebersihan & Rumah Tangga,DUS,2048380.0,2151000.0
123601,FORCE MAGIC INSEKTISIDA SPRAY LEMON KLG 600mL,Produk Kebersihan & Rumah Tangga,PCS,443395.0,466000.0
143081,SO KLIN PEMBERSIH LANTAI REFILL APPLE & PEONY PCH 780/770mL,Produk Kebersihan & Rumah Tangga,DUS,138200.0,145500.0
162921,MULTI FACIAL TISSUE MP-01/250'S NON PARFUMED BAG ,Produk Kebersihan & Rumah Tangga,DUS,460000.0,483000.0
193131,SO KLIN PEMBERSIH LANTAI REFILL FRESIA ROSE PCH 780/770mL,Produk Kebersihan & Rumah Tangga,DUS,138200.0,145500.0
221471,TESSA POLYBAG TISSUE PB-02/03-6'S  PCK ,Produk Kebersihan & Rumah Tangga,DUS,480000.0,504000.0
232931,POLYTEX SABUT SPON EXTRA KUAT  PCS ,Produk Kebersihan & Rumah Tangga,PACK,84000.0,88500.0
232981,WIPOL KARBOL WANGI CEMARA PCH 750mL/730g,Produk Kebersihan & Rumah Tangga,DUS,222590.0,234000.0
233231,KLIN PAK CLING WRAP  BOX 30mx30cm,Produk Kebersihan & Rumah Tangga,DUS,372000.0,391000.0
234031,SO KLIN PEMBERSIH LANTAI REFILL LEMON ZESS PCH 780/770mL,Produk Kebersihan & Rumah Tangga,DUS,138200.0,145500.0
262101,SO KLIN SOFTENER+ANTI KUSUT REF+SBN CR BLUE PCH 900/820mL,Produk Kebersihan & Rumah Tangga,DUS,139500.0,146500.0
262111,SO KLIN SOFTENER+ANTI KUSUT REF PINK PCH 900/820mL,Produk Kebersihan & Rumah Tangga,DUS,139500.0,146500.0
263371,WING'S PORCELAIN CLEANER BIRU BTL 780/750mL,Produk Kebersihan & Rumah Tangga,DUS,81900.0,86000.0
264431,SOS PEMBERSIH LANTAI REFILL MAGIC PCH 750/510mL,Produk Kebersihan & Rumah Tangga,DUS,99600.0,105000.0
265701,SOS PEMBERSIH LANTAI ORANGE DRG 3.6/3.5L,Produk Kebersihan & Rumah Tangga,PCS,200000.0,210000.0
266161,MULTI TOILET TISSUE TOM-02  ROL ,Produk Kebersihan & Rumah Tangga,PCS,260000.0,273000.0
266171,EKONOMI SABUN CREAM REFFIL E-2K  BAG 1850g,Produk Kebersihan & Rumah Tangga,DUS,110600.0,116500.0
268321,PASEO FACIAL TISSUE SOFT 250S/510PLY  BAG ,Produk Kebersihan & Rumah Tangga,DUS,784700.0,824000.0
268351,PASEO TOILET WHITE TISSUE 4'S  ROL ,Produk Kebersihan & Rumah Tangga,DUS,366200.0,385000.0
272851,ABC BATTERY ALKALINE AA-LR6/2'S MILLENNIUM PWR PCK ,Produk Kebersihan & Rumah Tangga,DUS,482400.0,507000.0
276271,NICE TOILET TISSUE 2PLY-545 NON EMBOSSED ROL 90g,Produk Kebersihan & Rumah Tangga,DUS,497000.0,522000.0
277241,SO KLIN PEWANGI PAKAIAN REFILL VIOLET PCH 800/780mL,Produk Kebersihan & Rumah Tangga,DUS,127505.0,134000.0
277251,SO KLIN PEWANGI PAKAIAN REFILL RED PCH 800/780mL,Produk Kebersihan & Rumah Tangga,DUS,127505.0,134000.0
303161,STELLA AIR FRESHENER AEROSOL ORANGE KLG 400/350mL,Produk Kebersihan & Rumah Tangga,DUS,309100.0,325000.0
309941,KLIN PAK CLING WRAP REFILL  PCK 30X30cm,Produk Kebersihan & Rumah Tangga,DUS,468900.0,492500.0
333301,ABC BATTERY ALKALINE AAA/LR-03/4'S MILLENNIUM PWR PCK ,Produk Kebersihan & Rumah Tangga,DUS,2901600.0,3047000.0
337101,SO KLIN PEWANGI PAKAIAN REFILL BLUE PCH 800/780mL,Produk Kebersihan & Rumah Tangga,DUS,127505.0,134000.0
337341,SO KLIN PEWANGI PAKAIAN REFILL PINK PCH 800/780mL,Produk Kebersihan & Rumah Tangga,DUS,127505.0,134000.0
349301,VAPE OBAT NYAMUK SPRAY FUMAKILLA ORANGE KLG 600mL,Produk Kebersihan & Rumah Tangga,DUS,450590.0,473500.0
351491,ABC BATTERY BIRU R20 2'S BESAR PCK ,Produk Kebersihan & Rumah Tangga,DUS,1272600.0,1336500.0
351501,ABC BATTERY BIRU R14 2'S TANGGUNG PCK ,Produk Kebersihan & Rumah Tangga,DUS,792000.0,832000.0
351591,ABC BATTERY ALKALINE AAA/LR03/2'S MILLENNIUM PWR PCK ,Produk Kebersihan & Rumah Tangga,DUS,2625900.0,2757500.0
362831,SUPER PELL PEMBERSIH LANTAI REF FRESH APPLE PCH 770mL/760g,Produk Kebersihan & Rumah Tangga,DUS,170400.0,179000.0
362841,SUPER PELL PEMBERSIH LANTAI REF LEMON GINGER PCH 780/770mL,Produk Kebersihan & Rumah Tangga,DUS,170400.0,179000.0
365131,KIWI LIQUID SHOE POLISH BLACK BTL 75mL,Produk Kebersihan & Rumah Tangga,DUS,1019980.0,1071000.0
374421,RAPIKA PELICIN PAKAIAN REFILL FOREVER BLOSSOM PCH 400/300mL,Produk Kebersihan & Rumah Tangga,DUS,59400.0,62500.0
374431,RAPIKA PELICIN PAKAIAN REFILL LAVENDER SPLASH PCH 400/300mL,Produk Kebersihan & Rumah Tangga,DUS,59400.0,62500.0
377991,MR.MUSCLE PEMBERSIH DAPUR REFFIL LEMON PCH 400mL,Produk Kebersihan & Rumah Tangga,DUS,82800.0,87000.0
380621,LION STAR LIVINA MINI DUSTPAN BP-2  SET ,Produk Kebersihan & Rumah Tangga,LS,319200.0,335500.0
386251,SO KLIN PEMBERSIH LANTAI REFILL LAVENDER BLOOM PCH 780/770mL,Produk Kebersihan & Rumah Tangga,DUS,138200.0,145500.0
396421,KLIN PAK ALUMUNIUM FOIL  BOX 7.6mx30cm,Produk Kebersihan & Rumah Tangga,DUS,419900.0,441000.0
401061,ABC BATTERY SUPER POWER UM-1/R20  PCK 2'S,Produk Kebersihan & Rumah Tangga,DUS,2008800.0,2109500.0
401071,ABC BATTERY SUPER POWER R14 2'S  PCK ,Produk Kebersihan & Rumah Tangga,DUS,1044000.0,1096500.0
408771,WING'S SUPERSOL KARBOL WANGI PINE PCH 780/750mL,Produk Kebersihan & Rumah Tangga,DUS,180600.0,190000.0
410311,SUNLIGHT PENCUCI PIRING JERUK NIPIS BTL 750mL/675g,Produk Kebersihan & Rumah Tangga,DUS,162000.0,170500.0
412341,SO KLIN PEWANGI PAKAIAN REFILL ROMANTIC PINK PCH 1.8/1.7L,Produk Kebersihan & Rumah Tangga,DUS,143500.0,151000.0
436291,BAYGON INSEKTISIDA SPRAY SILKY LAVENDER KLG 750mL,Produk Kebersihan & Rumah Tangga,DUS,586685.0,616500.0
438201,LION STAR TEMPAT SAMPAH C-30 (GRILL BIN)  PCS 10L,Produk Kebersihan & Rumah Tangga,DUS,293600.0,308500.0
452801,BAYCLIN PEMUTIH PAKAIAN REGULAR BTL 500mL,Produk Kebersihan & Rumah Tangga,DUS,143100.0,150500.0
453681,CHARM PEMBALUT SAFE NIGHT 10/9'S WING PCK 29cm,Produk Kebersihan & Rumah Tangga,DUS,441600.0,464000.0
3651,BIMOLI MINYAK GORENG  BTL 620mL,Sembako,DUS,316395.0,332500.0
3701,BIMOLI MINYAK GORENG  DRG 5000mL,Sembako,DUS,397900.0,418000.0
4371,BLUE BAND MARGARINE SERBAGUNA (35621)  CUP 250g,Sembako,DUS,955200.0,1003000.0
16401,ROSE TEPUNG BERAS KETAN  PCK 500g,Sembako,DUS,197000.0,207000.0
16411,ROSE TEPUNG BERAS  PCK 500g,Sembako,DUS,137000.0,144000.0
61371,GUNUNG AGUNG TEPUNG TAPIOKA  PCK 500g,Sembako,DUS,112000.0,118000.0
92971,BIMOLI MINYAK GORENG  BTL 2000mL,Sembako,DUS,252000.0,265000.0
115941,BLUE BAND MARGARINE SERBAGUNA (35622)  PCK 200g,Sembako,DUS,569000.0,597500.0
277531,FILMA MINYAK GORENG REFILL  PCH 2000mL,Sembako,DUS,254700.0,267500.0
291121,BLUE BAND MARGARINE (19436)  KLG 1kg,Sembako,DUS,1029900.0,1081500.0
308921,ROSE TEPUNG TAPIOKA  PCK 500g,Sembako,DUS,140000.0,147000.0
346281,BIMOLI MINYAK GORENG (REFILL)  PCH 2000mL,Sembako,DUS,231000.0,243000.0
365211,SANIA MINYAK GORENG REFILL  PCH 1000mL,Sembako,DUS,239000.0,251000.0
365221,SANIA MINYAK GORENG REFILL  PCH 2000mL,Sembako,DUS,240600.0,253000.0
384281,BIMOLI MINYAK GORENG (REFILL)  PCH 1000mL,Sembako,DUS,234500.0,246500.0
403341,BIMOLI MINYAK GORENG SPECIAL REFILL  PCH 2000mL,Sembako,DUS,236900.0,249000.0
416411,BIMOLI MINYAK GORENG SPECIAL REFILL  PCH 1000mL,Sembako,DUS,241900.0,254000.0
425381,FORTUNE MINYAK GORENG REFILL  PCH 2000mL,Sembako,DUS,236400.0,248500.0
473071,GULA GULA PASIR LOKAL  BAL 50kg,Sembako,PCS,855000.0,898000.0
548741,GULAKU GULA TEBU (KUNING)  PCK 1000g,Sembako,DUS,419900.0,441000.0
646901,GULAKU GULA TEBU (PUTIH) PREMIUM PCK 1000g,Sembako,DUS,419900.0,441000.0
647151,BERTOLLI OLIVE OIL EXTRA VIRGIN BTL 250mL,Sembako,DUS,1051000.0,1104000.0
812231,CAP SEMUT GULA JAWA (BARU MAPAN)  PCK 400g,Sembako,DUS,432000.0,454000.0
1014581,FILMA MARGARINE BERNUTRISI  PCK 200g,Sembako,DUS,396000.0,416000.0
1026791,KRAFT KEJU CHEDDAR OLAHAN  BOX 160/150g,Sembako,DUS,1210000.0,1270500.0
1122331,KRAFT KEJU CHEDDAR OLAHAN  PCK 35/30g,Sembako,DUS,748000.0,785500.0
1148381,SEGITIGA BIRU TEPUNG TERIGU TRANSPARANT  PCK 500g,Sembako,DUS,105500.0,111000.0
1158661,FORTUNE MINYAK GORENG REFILL  PCH 1000mL,Sembako,DUS,238000.0,250000.0
1158961,FORVITA MARGARINE  PCK 200g,Sembako,DUS,356900.0,375000.0
1172721,KRAFT CHEESE QUICK MELT MOZZA  BOX 165g,Sembako,DUS,1460000.0,1533000.0
1173531,SEGITIGA BIRU TERIGU TRANSPARAN  PCK 1000g,Sembako,DUS,126000.0,132500.0
1179241,PRO CHIZ KEJU SLICE 10'S  PCK 170g,Sembako,DUS,312700.0,328500.0
1208841,ROSE BRAND MINYAK GORENG  CUP 220mL,Sembako,DUS,206400.0,217000.0
1209411,PAK TANI GUNUNG TEPUNG TAPIOKA  PCK 500g,Sembako,DUS,170000.0,178500.0
1219691,PRO CHIZ KEJU PREMIUM CHEDDAR  BOX 160g,Sembako,DUS,859200.0,902500.0
1223591,MAZOLA CORN OIL  BTL 900mL,Sembako,DUS,1310000.0,1375500.0
1241641,PSM GULA PREMIUM  PCK 1kg,Sembako,DUS,340000.0,357000.0
1241801,MILA TEPUNG TERIGU SERBAGUNA  PCK 1kg,Sembako,DUS,113000.0,119000.0
1251641,LENCANA MERAH TEPUNG TERIGU TRANSPARAN  PCK 1000g,Sembako,DUS,106000.0,111500.0
1252391,FORVITA MARGARINE GOLD  POT 250g,Sembako,DUS,260900.0,274000.0
1266751,PRO CHIZ KEJU MOZZARELLA  BOX 160g,Sembako,DUS,1061600.0,1115000.0
1270811,TROPICANA SLIM CORN OIL  BTL 946mL,Sembako,DUS,1234800.0,1297000.0
1272041,ROSE BRAND MINYAK GORENG  PCH 1L,Sembako,DUS,234000.0,246000.0
1281041,TAWON MINYAK GORENG  PCH 2000mL,Sembako,DUS,226000.0,237500.0
1536831,MANIS BERAS PULEN  SAK 5kg,Sembako,PCS,74500.0,78500.0
1536841,MANIS BERAS PULEN  SAK 25kg,Sembako,PCS,372500.0,391500.0
1374261,FS BERAS MERAH  PCH 1kg,Sembako,BAL,306000.0,321500.0
1604861,SANIA TEPUNG BERAS  PCK 500g,Sembako,DUS,137900.0,145000.0
1374331,FS BERAS KETAN PUTIH PCH 1kg,Sembako,BAL,340800.0,358000.0
1418951,GERY KRAKER BERAS ASIN PCK 10X5.6g,Sembako,DUS,224000.0,235500.0
293321,SUN BUBUR SUSU (EKONOMIS) BERAS MERAH PCK 120g,Sembako,DUS,189700.0,199500.0
1374351,FS BERAS KETAN HITAM PCH 1kg,Sembako,BAL,406800.0,427500.0
31771,SUN BUBUR SEREAL SUSU BERAS MERAH BOX 120g,Sembako,DUS,240100.0,252500.0
398301,NESTLE CERELAC BUBUR SEREAL BERAS MERAH BOX 120g,Sembako,DUS,418800.0,440000.0
1035271,NESTLE CERELAC BUBUR SEREAL SUSU BERAS MRH&SUSU BOX 120g,Sembako,DUS,673550.0,707500.0
1315421,PRO CHIZ KEJU SPREADABLE  BOX 170/160g,Sembako,DUS,557600.0,585500.0
1625971,EMINA BLOCK CHEESE MOZZA BOX 165/160g,Sembako,DUS,1231900.0,1293500.0
1420881,EMINA BLOCK SHRED CHEESE  BOX 160g,Sembako,DUS,594000.0,624000.0
1625991,EMINA CHEESE SLICE 5'S MOZZA PCK ,Sembako,DUS,614500.0,645500.0
1674131,PRO CHIZ KEJU GOLD  BOX 170/160g,Sembako,DUS,667200.0,701000.0
1587751,BERTOLLI OLIVE OIL EXTRA LIGHT BTL 500mL,Sembako,DUS,1722500.0,1809000.0
1582311,JAWARA TEPUNG TERIGU SERBA GUNA  PCK 1kg,Sembako,DUS,128000.0,134500.0
1491381,FILIPPO BERIO OLIVE OIL  BTL 250mL,Sembako,DUS,940000.0,987000.0
1349651,GULAKU GULA STICK PARIS  PCK 250X8g,Sembako,DUS,360000.0,378000.0
13501,PALMIA MARGARINE SERBA GUNA  PCK 200g,Sembako,DUS,345000.0,362500.0
32231,CHITATO SNACK POTATO CHIPS AYAM BUMBU PCK 35g,Makanan Ringan & Snack,DUS,207900.0,229000.0
32241,CHITATO SNACK POTATO CHIPS SAPI PANGGANG PCK 35g,Makanan Ringan & Snack,DUS,210000.0,231500.0
49561,HAPPYTOS SNACK TORTILA CHIPS MERAH PCK 140g,Makanan Ringan & Snack,DUS,145600.0,160500.0
75481,HAPPYTOS SNACK TORTILA CHIPS HIJAU PCK 140g,Makanan Ringan & Snack,DUS,172900.0,190500.0
370571,CHITATO SNACK POTATO CHIPS AYAM BUMBU PCK 68/65g,Makanan Ringan & Snack,DUS,280300.0,308500.0
370581,CHITATO SNACK POTATO CHIPS SAPI PANGGANG PCK 68/65g,Makanan Ringan & Snack,DUS,280300.0,308500.0
453711,CHITATO SNACK POTATO CHIPS SAPI PANGGANG PCK 15g,Makanan Ringan & Snack,DUS,110500.0,122000.0
736231,PIATTOS SNACK KENTANG SAPI PANGGANG PCK 35g,Makanan Ringan & Snack,DUS,152100.0,167500.0
897361,KUSUKA KERIPIK SINGKONG AYAM LADA HITAM PCK 180g,Makanan Ringan & Snack,DUS,126000.0,139000.0
897371,KUSUKA KERIPIK SINGKONG BERBEQUE PCK 180g,Makanan Ringan & Snack,DUS,126000.0,139000.0
1018831,KUSUKA KERIPIK SINGKONG BARBEQUE PCK 60g,Makanan Ringan & Snack,DUS,159100.0,175500.0
1018841,KUSUKA KERIPIK SINGKONG AYAM LADA HITAM PCK 60g,Makanan Ringan & Snack,DUS,159100.0,175500.0
1018851,KUSUKA KERIPIK SINGKONG KEJU BAKAR PCK 60g,Makanan Ringan & Snack,DUS,159100.0,175500.0
1094271,QTELA KERIPIK SINGKONG ORIGINAL PCK 60g,Makanan Ringan & Snack,DUS,191000.0,210500.0
1094281,QTELA KERIPIK SINGKONG BARBEQUE PCK 60g,Makanan Ringan & Snack,DUS,191000.0,210500.0
1097751,QTELA KERIPIK SINGKONG ORIGINAL PCK 175g,Makanan Ringan & Snack,DUS,158200.0,174500.0
1097761,QTELA KERIPIK SINGKONG BARBEQUE PCK 175g,Makanan Ringan & Snack,DUS,159800.0,176000.0
1104971,JETZ SNACK STICK CHOCOFIESTA PCK 40g,Makanan Ringan & Snack,DUS,122100.0,134500.0
1107761,CHITATO SNACK POTATO CHIPS CHEESE SUPREME PCK 68/65g,Makanan Ringan & Snack,DUS,280300.0,308500.0
1152481,OISHI SNACK PILLOWS CHOCOLATE PCH 100g,Makanan Ringan & Snack,DUS,193000.0,212500.0
1152491,OISHI SNACK PILLOWS UBI PCH 100g,Makanan Ringan & Snack,DUS,193000.0,212500.0
1152521,OISHI SNACK KRIUK KRIUK IKAN BALADO PCK 60g,Makanan Ringan & Snack,DUS,168100.0,185000.0
1153801,STT FRENCH FRIES 2000 PREMIUM  PCK 24g,Makanan Ringan & Snack,DUS,160000.0,176000.0
1153811,STT FRENCH FRIES 2000 PREMIUM  PCK 62g,Makanan Ringan & Snack,DUS,146105.0,161000.0
1153841,TWISTKO SNACK JAGUNG BAKAR PCK 40g,Makanan Ringan & Snack,DUS,158500.0,174500.0
1188001,QTELA KERIPIK TEMPE RUMPUT LAUT PCK 55g,Makanan Ringan & Snack,DUS,191800.0,211000.0
1201781,MAMASUKA RUMPUT LAUT PANGGANG (NORI)  PCK 2x4.5g,Makanan Ringan & Snack,DUS,556100.0,612000.0
1205291,KRAFT KEJU CAKE  PCS 16g,Makanan Ringan & Snack,DUS,264000.0,290500.0
1206931,QTELA KERIPIK TEMPE CABE RAWIT PCK 55g,Makanan Ringan & Snack,DUS,191800.0,211000.0
1209871,CHITATO SNACK POTATO CHIPS SAPI BUMBU BKR PCK 35g,Makanan Ringan & Snack,DUS,207900.0,229000.0
1209881,CHITATO SNACK POTATO CHIPS SAPI BUMBU BKR PCK 68/65g,Makanan Ringan & Snack,DUS,280300.0,308500.0
1212661,KUSUKA KERIPIK SINGKONG RUMPUT LAUT PCK 60g,Makanan Ringan & Snack,DUS,159100.0,175500.0
1234801,OREO SOFT CAKE SINGLE  PCK 16g,Makanan Ringan & Snack,DUS,275000.0,302500.0
1238221,QTELA KERIPIK TEMPE ORIGINAL PCK 55g,Makanan Ringan & Snack,DUS,191800.0,211000.0
1243201,PRINGLES POTATO CRISPS CHEESY CHEESE KLG 102g,Makanan Ringan & Snack,DUS,260400.0,286500.0
1243211,PRINGLES POTATO CRISPS ORIGINAL KLG 102g,Makanan Ringan & Snack,DUS,260400.0,286500.0
1250861,PIATTOS SNACK KENTANG SAPI PANGGANG PCK 68g,Makanan Ringan & Snack,DUS,286000.0,315000.0
1254071,QTELA KERIPIK SINGKONG BALADO PCK 175g,Makanan Ringan & Snack,DUS,159800.0,176000.0
1254081,QTELA KERIPIK SINGKONG BALADO PCK 60g,Makanan Ringan & Snack,DUS,191000.0,210500.0
1280321,HAPPYTOS SNACK TORTILLA CHIPS NACHO CHEESE PCK 140g,Makanan Ringan & Snack,DUS,174700.0,192500.0
1286561,OISHI SNACK SPONGE CRUNCH MOCHACCINO PCH 100g,Makanan Ringan & Snack,DUS,221000.0,243500.0
1294561,TARO SNACK NET POTATO BARBEQUE PCK 62g,Makanan Ringan & Snack,DUS,225100.0,248000.0
1294571,TARO SNACK NET SEAWEED PCK 62g,Makanan Ringan & Snack,DUS,225100.0,248000.0
1297661,TAO KAE NOI BIG ROLL GRILLED SEAWEED ROLL CLASSIC PCK 3.6g,Makanan Ringan & Snack,DUS,63000.0,69500.0
1305611,KUSUKA KERIPIK SINGKONG ORIGINAL PCK 180g,Makanan Ringan & Snack,DUS,126000.0,139000.0
1305621,KUSUKA KERIPIK SINGKONG BALADO PCK 180g,Makanan Ringan & Snack,DUS,126000.0,139000.0
1305841,OISHI SNACK POPCORN COKLAT PCH 100g,Makanan Ringan & Snack,DUS,291000.0,320500.0
1310891,OISHI SNACK POPCORN KARAMEL PCH 100g,Makanan Ringan & Snack,DUS,291000.0,320500.0
1320141,TARO SNACK NET TERIYAKI BBQ PCK 62g,Makanan Ringan & Snack,DUS,225100.0,248000.0
1336191,POTABEE SNACK POTATO CHIPS SEAWEED PCK 68/65g,Makanan Ringan & Snack,DUS,266800.0,293500.0
1347351,LOTTE CHOCO PIE MARSMALLOW (2'S)  BOX 52g,Makanan Ringan & Snack,DUS,71400.0,79000.0
1347361,LOTTE CHOCO PIE MARSMALLOW (6'S)  BOX 156g,Makanan Ringan & Snack,DUS,250000.0,275000.0
1348061,HAPPYTOS SNACK TORTILLA CHIPS ROASTED CORN PCK 55g,Makanan Ringan & Snack,DUS,121200.0,133500.0
1356721,SUKI SNACK STICK ALA JEPANG AYAM KECAP PCK 95g,Makanan Ringan & Snack,DUS,137900.0,152000.0
1356731,TIC TIC SNACK CRUNCHY STICK BAWANG PCK 70g,Makanan Ringan & Snack,DUS,122000.0,134500.0
1360571,KRISBEE SNACK FRENCH FRIES  PCK 68/65g,Makanan Ringan & Snack,DUS,120500.0,133000.0
1366351,TAO KAE NOI CRISPY SEAWEED BIG SHEET CLASSIC PCK 4/3.2g,Makanan Ringan & Snack,DUS,55000.0,61000.0
1366361,TAO KAE NOI CRISPY SEAWEED BIG SHEET SPICY PCK 4/3.2g,Makanan Ringan & Snack,DUS,55000.0,61000.0
1374461,POTABEE SNACK POTATO CHIPS SALTED EGG PCK 68g,Makanan Ringan & Snack,DUS,266800.0,293500.0
1385811,CHITATO SNACK POTATO CHIPS AYAM BARBEQUE PCK 68/65g,Makanan Ringan & Snack,DUS,280300.0,308500.0
1389181,MAMASUKA RUMPUT LAUT PANGGANG (NORI) PEDAS PCK 2x4.5g,Makanan Ringan & Snack,DUS,556100.0,612000.0
1400851,TWISTKO SNACK JAGUNG BAKAR PCK 145g,Makanan Ringan & Snack,DUS,260100.0,286500.0
1414331,OISHI SNACK STICK MAKADO KEJU PCK 60g,Makanan Ringan & Snack,DUS,168100.0,185000.0
1426291,POTABEE SNACK POTATO CHIPS WAGYU BEEF STK PCK 68/65g,Makanan Ringan & Snack,DUS,266800.0,293500.0
1437361,SUKY SUKY SNACK UDANG MANIS PDS PCK 60g,Makanan Ringan & Snack,DUS,169800.0,187000.0
1446421,QTELA KERIPIK SINGKONG AYAM LADA HITAM PCK 100g,Makanan Ringan & Snack,DUS,243200.0,268000.0
1462611,GARUDA SNACK O'CORN SEA SALT PCK 70g,Makanan Ringan & Snack,DUS,291000.0,320500.0
1464041,TARO SNACK NET SEAWEED PCK 115g,Makanan Ringan & Snack,DUS,201700.0,222000.0
1466441,JAPOTA POTATO CHIPS NIPIS PEDAS PCK 68g,Makanan Ringan & Snack,DUS,255100.0,281000.0
1470641,DELFI CHOCO PIE ORION 6'S DARK BOX 180g,Makanan Ringan & Snack,DUS,277800.0,306000.0
1474791,OISHI PANCHOS KERIPIK JAGUNG PEDAS PCK 140g,Makanan Ringan & Snack,DUS,153900.0,169500.0
1486181,OISHI TOSS POTATO CRISPS RUMPUT LAUT PCK 75g,Makanan Ringan & Snack,DUS,217000.0,239000.0
1486191,MAMASUKA RUMPUT LAUT PANGGANG (NORI) JAGUNG BAKAR PCK 2x4.5g,Makanan Ringan & Snack,DUS,556100.0,612000.0
1496271,TIC TIC SNACK CRUNCHY STICK BAWANG SAOS PEDAS MNTP PCK 65g,Makanan Ringan & Snack,DUS,125100.0,138000.0
18401,HEXOS CANDY MINT SCT 5X2.5g,Makanan Ringan & Snack,DUS,80800.0,89000.0
33051,FISHERMAN'S CANDY EXTRA STRONG PUTIH SCT 25/22g,Makanan Ringan & Snack,DUS,448800.0,494000.0
70611,KOALA-LA GULA KAPAS STRAWBERRY PCK 10g,Makanan Ringan & Snack,DUS,258000.0,284000.0
304001,CHUPA CHUPS BIG BABOL CANDY STICK TUTTI FRUTI STK 20g,Makanan Ringan & Snack,DUS,54600.0,60500.0
304011,CHUPA CHUPS BIG BABOL CANDY STICK STRAWBERRY STK 20g,Makanan Ringan & Snack,DUS,54600.0,60500.0
312961,YUPI CANDY GUMMY MINI BURGER PCK 105g,Makanan Ringan & Snack,DUS,280900.0,309000.0
351781,YUPI CANDY GUMMY KISS STRAWBERRY PCK 110g,Makanan Ringan & Snack,DUS,215000.0,237000.0
351981,FROZZ CANDY BARLEY MINT BOX 15g,Makanan Ringan & Snack,DUS,1065500.0,1172500.0
360121,YUPI CANDY GUMMY NEON STICK PCK 45g,Makanan Ringan & Snack,DUS,370900.0,408000.0
360151,YUPI CANDY GUMMY APPLE RING PCK 50/45g,Makanan Ringan & Snack,DUS,370900.0,408000.0
370271,WOODS CANDY PEPPERMINT LOZENGES EXTRA STRONG SCT 15g,Makanan Ringan & Snack,DUS,1770000.0,1947500.0
718171,NANO NANO CANDY RAME SCT 5X2.5g,Makanan Ringan & Snack,DUS,43000.0,47500.0
791431,HAPPYDENT WHITE CHEWING GUM 8'S/10'S  PCK 14g,Makanan Ringan & Snack,DUS,399900.0,440000.0
814341,FOX'S CANDY FRUITS KLG 170g,Makanan Ringan & Snack,DUS,258000.0,284000.0
816411,MENTOS CANDY MINT PCK 121.5g,Makanan Ringan & Snack,DUS,270000.0,297000.0
856391,SIDO MUNCUL CANDY TL/ANGN HRB PPMNT SOOTH&RLIEV SCT 5X2.5g,Makanan Ringan & Snack,DUS,828000.0,911000.0
1024911,GO FRESS REFRESHING ORAL CARE STRIPS 24 PEPPERMINT PCK ,Makanan Ringan & Snack,DUS,1280000.0,1408000.0
1072441,FOX'S CANDY FRUITS PCK 90g,Makanan Ringan & Snack,DUS,157900.0,174000.0
1098771,LOTTE CHEWING GUM S/F XYLITOL FRESH MINT BTL 58/55.1g,Makanan Ringan & Snack,DUS,621800.0,684000.0
1110851,KOPIKO CANDY CAPPUCCINO PCK 150/175g,Makanan Ringan & Snack,DUS,222000.0,244500.0
1110861,KIS CANDY BARLEY MINT PCK 125g,Makanan Ringan & Snack,DUS,153000.0,168500.0
1110871,KIS CANDY MINT CHERRY PCK 125/100g,Makanan Ringan & Snack,DUS,153000.0,168500.0
1117331,FROZZ CANDY BLUEBERRY MINT PCS 15g,Makanan Ringan & Snack,DUS,1065500.0,1172500.0
1130141,FOX'S CANDY CRYSTAL CLEAR BERRIES KLG 170g,Makanan Ringan & Snack,DUS,258000.0,284000.0
1150171,RELAXA CANDY GRAPE PCK 125/135g,Makanan Ringan & Snack,DUS,142000.0,156500.0
1163821,MENTOS CANDY FRUIT ROL 37g,Makanan Ringan & Snack,DUS,775700.0,853500.0
1163841,MENTOS CANDY CHEWY DRAGEES ROLL ANGGUR ROL 37g,Makanan Ringan & Snack,DUS,768000.0,845000.0
1175771,KIS CANDY MINT GRAPE PCK 100/75g,Makanan Ringan & Snack,DUS,153000.0,168500.0
1192391,STREPSILS CANDY 6'S / 8'S HONEY & LEMON PCK ,Makanan Ringan & Snack,DUS,9440000.0,10384000.0
1192401,STREPSILS CANDY 6'S / 8'S MENTHOL / COOL PCK ,Makanan Ringan & Snack,DUS,9440000.0,10384000.0
1192411,STREPSILS SUGAR FREE CANDY 6'S / 8'S LEMON & HERB PCK ,Makanan Ringan & Snack,DUS,9898000.0,10888000.0
1217051,YUPI CANDY GUMMY CALCI BEAN  BTL 70g,Makanan Ringan & Snack,DUS,54500.0,60000.0
1219911,ALPENLIEBE CANDY KARAMEL SUSU ORIGINAL PCK 125/112.5g,Makanan Ringan & Snack,DUS,261900.0,288500.0
1239691,YUPI CANDY GUMMY LUNCH BAG 93g,Makanan Ringan & Snack,DUS,280900.0,309000.0
1246901,RELAXA CANDY ORANGE MINT PCK 125/135g,Makanan Ringan & Snack,DUS,142000.0,156500.0
1255131,LOTTE CHEWING GUM S/F XYLITOL JERUK NPIS MINT BTL 26.1g,Makanan Ringan & Snack,DUS,85000.0,94000.0
1257561,YUPI CANDY GUMMY PIZZA PCK 23g,Makanan Ringan & Snack,PACK,87600.0,96500.0
1265241,MILKITA CANDY (30'S) ASSORTED PCK 84g,Makanan Ringan & Snack,DUS,123800.0,136500.0
1265661,YUPI CANDY GUMMY BIG BURGER PCK 32g,Makanan Ringan & Snack,DUS,48000.0,53000.0
1297841,ANTANGIN PERMEN HERBAL ASSORTED TPS 250x2g,Makanan Ringan & Snack,DUS,243000.0,267500.0
1326621,LOTTE CHEWING GUM S/F XYLITOL STRAWBERRY MINT BTL 60/55.1g,Makanan Ringan & Snack,DUS,621800.0,684000.0
1335221,MILKITA CANDY MILK (30'S) ASSORTED PCK 105g,Makanan Ringan & Snack,DUS,209000.0,230000.0
1337201,TAMARIN CANDY SARI ASEM  PCK 108/81g,Makanan Ringan & Snack,DUS,151000.0,166500.0
1339851,HAPPYDENT WHITE CHEWING GUM 44'S  BTL 61.6g,Makanan Ringan & Snack,DUS,484500.0,533000.0
3641,NISSIN WAFER CHOCOLATE PCK 110g,Makanan Ringan & Snack,DUS,201200.0,221500.0
31071,ASTOR WAFER STICK (K) CHOCOLATE BOX 40g,Makanan Ringan & Snack,DUS,195200.0,215000.0
32021,NISSIN WAFER CHOCOLATE KLG 570g,Makanan Ringan & Snack,DUS,285000.0,313500.0
32131,SELAMAT BISCUIT CHOCOLATE PCK 88g,Makanan Ringan & Snack,DUS,235400.0,259000.0
72311,TANGO WAFER VANILLA BOX 163/133g,Makanan Ringan & Snack,DUS,280800.0,309000.0
72321,TANGO WAFER CHOCOLATE BOX 163/133g,Makanan Ringan & Snack,DUS,280800.0,309000.0
129941,HATARI JAM BISCUIT PEANUT PCK 250/225g,Makanan Ringan & Snack,DUS,98000.0,108000.0
129951,HATARI JAM BISCUIT PINEAPPLE PCK 225g,Makanan Ringan & Snack,DUS,98000.0,108000.0
301881,SERENA BISCUIT SHORT CAKE CREAM CHOCOLATE PCK 225g,Makanan Ringan & Snack,DUS,330000.0,363500.0
313011,DELFI WAFER STICK TWISTER MINIS BLACK VANILLA PCK 70g,Makanan Ringan & Snack,DUS,142000.0,156500.0
313021,DELFI WAFER STICK TWISTER MINIS CHOCO CREAM PCK 70g,Makanan Ringan & Snack,DUS,142000.0,156500.0
341421,TANGO WAFER STRAWBERRY JAM BOX 163/133g,Makanan Ringan & Snack,DUS,280800.0,309000.0
539961,GERY WAFER STICK ROLL & EKSTRUDAT  TPS 350g,Makanan Ringan & Snack,DUS,213000.0,234500.0
1068831,KRAFT SANDWICH OREO PEANUT BUTTER & CHOCO 123.5 PCK 119.6g,Makanan Ringan & Snack,DUS,184300.0,203000.0
1069161,KRAFT SANDWICH OREO DOUBLE STUFF  PCK 133/131.1g,Makanan Ringan & Snack,DUS,189005.0,208000.0
1069321,OREO SANDWICH CHOCOLATE CREME PCK 110.4g,Makanan Ringan & Snack,DUS,189005.0,208000.0
1076181,SERENA BISCUIT MILK SHORT CAKE  PCK 225g,Makanan Ringan & Snack,DUS,330000.0,363500.0
1112221,TANGO WAFER VANILLA KLG 240g,Makanan Ringan & Snack,DUS,141000.0,155500.0
1120601,SELAMAT WAFER CHOCOLATE CREAM PCK 60/45g,Makanan Ringan & Snack,DUS,383000.0,421500.0
1144921,GERY WAFER STICK CHOCOLATOS GOLD EDITION KLG 350g,Makanan Ringan & Snack,DUS,455400.0,501000.0
1145051,SELAMAT WAFER CHOCOLATE PCK 10g,Makanan Ringan & Snack,DUS,105600.0,116500.0
1149331,CHO-CHO WAFER SNACK CHOCOLATE STRAWBERRY CUP 40/35g,Makanan Ringan & Snack,DUS,402500.0,443000.0
1153711,NISSIN WAFER CHOCOLATE KLG 233g,Makanan Ringan & Snack,DUS,165000.0,182000.0
1160091,NABATI RICHOCO WAFER COKLAT PCK 75g,Makanan Ringan & Snack,DUS,179500.0,197500.0
1163731,DEKA WAFER ROLL CHOCO NUT KLG 230g,Makanan Ringan & Snack,DUS,372000.0,409500.0
1179081,ROMA BISCUIT SARI GANDUM SANDWICH SUSU&COKELAT PCK 108g,Makanan Ringan & Snack,DUS,212900.0,234500.0
1194711,HATARI JAM BISCUIT PEANUT PCK 50g,Makanan Ringan & Snack,DUS,60400.0,66500.0
1201321,NABATI RICHEESE WAFER KRIM KEJU PCK 75g,Makanan Ringan & Snack,DUS,181300.0,199500.0
1220361,CHO-CHO WAFER SNACK CHOCOLATE RICE CRISPY CUP 33g,Makanan Ringan & Snack,DUS,402500.0,443000.0
1259591,ASTOR WAFER STICK COKLAT KLG 330g,Makanan Ringan & Snack,DUS,237000.0,261000.0
1274881,OREO SANDWICH MINI   VANILLA CREAM PCH 58.4g,Makanan Ringan & Snack,DUS,172800.0,190500.0
1274891,OREO SANDWICH MINI CHOCOLATE CREAM PCH 58.4g,Makanan Ringan & Snack,DUS,172800.0,190500.0
1285551,APILO WAFER BLOCK VANILLA PCK 90/70g,Makanan Ringan & Snack,DUS,86600.0,95500.0
1299461,OVALTINE CHOCOLATE MALT BISCUIT  PCK 104g,Makanan Ringan & Snack,DUS,293900.0,323500.0
1314281,OREO SANDWICH MINI ORIGINAL PCK 20.4g,Makanan Ringan & Snack,DUS,107400.0,118500.0
1314291,OREO SANDWICH MINI CHOCOLATE PCK 20.4g,Makanan Ringan & Snack,DUS,107400.0,118500.0
1314901,NABATI RICHEESE WAFER KRIM KEJU PCK 110g,Makanan Ringan & Snack,DUS,171700.0,189000.0
1341491,TANGO WAFER CHOCO JAVAMOCCA PCK 120/110g,Makanan Ringan & Snack,DUS,102000.0,112500.0
1341501,OREO SANDWICH MINI STRAWBERRY PCH 58.4g,Makanan Ringan & Snack,DUS,172800.0,190500.0
1372001,NABATI RICHEESE WAFER KRIM KEJU PCK 5g,Makanan Ringan & Snack,DUS,100900.0,111000.0
1380121,TANGO WAFER CHOCOLATE PCK 110/100g,Makanan Ringan & Snack,DUS,102000.0,112500.0
